UEI,Start Date,End Date,Duration(Days),Main Cause,District
UEI-IMD-FL-1971-0002,1971-05-08,1971-05-14,7.0,heavy rains,Thrissur
UEI-IMD-FL-1975-0025,1975-06-15,1975-06-30,16.0,floods,Kasaragod
UEI-IMD-FL-1975-0025,1975-06-15,1975-06-30,16.0,floods,Wayanad
UEI-IMD-FL-1975-0025,1975-06-15,1975-06-30,16.0,floods,Kozhikode
UEI-IMD-FL-1975-0025,1975-06-15,1975-06-30,16.0,floods,Malappuram
UEI-IMD-FL-1975-0025,1975-06-15,1975-06-30,16.0,floods,Palakkad
UEI-IMD-FL-1975-0025,1975-06-15,1975-06-30,16.0,floods,Thrissur
UEI-IMD-FL-1975-0025,1975-06-15,1975-06-30,16.0,floods,Idukki
UEI-IMD-FL-1975-0025,1975-06-15,1975-06-30,16.0,floods,Ernakulam
UEI-IMD-FL-1975-0025,1975-06-15,1975-06-30,16.0,floods,Alappuzha
UEI-IMD-FL-1975-0025,1975-06-15,1975-06-30,16.0,floods,Kottayam
UEI-IMD-FL-1975-0025,1975-06-15,1975-06-30,16.0,floods,Pathanamthitta
UEI-IMD-FL-1975-0025,1975-06-15,1975-06-30,16.0,floods,Kollam
UEI-IMD-FL-1975-0025,1975-06-15,1975-06-30,16.0,floods,Thiruvananthapuram
UEI-IMD-FL-1975-0025,1975-06-15,1975-06-30,16.0,floods,Kannur
UEI-IMD-FL-1975-0026,1975-11-01,1975-11-07,7.0,heavy rains,Thiruvananthapuram
UEI-IMD-FL-1975-0026,1975-11-01,1975-11-07,7.0,heavy rains,Kollam
UEI-IMD-FL-1975-0026,1975-11-01,1975-11-07,7.0,heavy rains,Alappuzha
UEI-IMD-FL-1975-0026,1975-11-01,1975-11-07,7.0,heavy rains,Kottayam
UEI-IMD-FL-1975-0026,1975-11-01,1975-11-07,7.0,heavy rains,Thrissur
UEI-IMD-FL-1976-0026,1976-07-22,1976-07-28,7.0,heavy rains,Thiruvananthapuram
UEI-IMD-FL-1976-0026,1976-07-22,1976-07-28,7.0,heavy rains,Kottayam
UEI-IMD-FL-1976-0026,1976-07-22,1976-07-28,7.0,heavy rains,Ernakulam
UEI-IMD-FL-1976-0026,1976-07-22,1976-07-28,7.0,heavy rains,Kozhikode
UEI-IMD-FL-1976-0026,1976-07-22,1976-07-28,7.0,heavy rains,Thrissur
UEI-IMD-FL-1978-0032,1978-11-01,1978-11-07,7.0,severe,Thiruvananthapuram
UEI-IMD-FL-1978-0032,1978-11-01,1978-11-07,7.0,severe,Kollam
UEI-IMD-FL-1978-0032,1978-11-01,1978-11-07,7.0,severe,Alappuzha
UEI-IMD-FL-1978-0032,1978-11-01,1978-11-07,7.0,severe,Thrissur
UEI-IMD-FL-1978-0032,1978-11-01,1978-11-07,7.0,severe,Kannur
UEI-IMD-FL-1978-0032,1978-11-01,1978-11-07,7.0,severe,Malappuram
UEI-IMD-FL-1979-0021,1979-06-10,1979-06-19,10.0,heavy rains,Alappuzha
UEI-IMD-FL-1979-0022,1979-06-14,1979-06-14,1.0,heavy rains,Ernakulam
UEI-IMD-FL-1979-0023,1979-07-02,1979-07-02,1.0,heavy rains,Kannur
UEI-IMD-FL-1979-0024,1979-07-29,1979-07-31,3.0,heavy rains,Kozhikode
UEI-IMD-FL-1979-0025,1979-08-01,1979-08-03,3.0,heavy rains,Kannur
UEI-IMD-FL-1979-0025,1979-08-01,1979-08-03,3.0,heavy rains,Kozhikode
UEI-IMD-FL-1979-0026,1979-08-06,1979-08-07,2.0,heavy rains,Kannur
UEI-IMD-FL-1979-0027,1979-11-15,1979-11-19,5.0,moderate floods,Palakkad
UEI-IMD-FL-1980-0021,1980-06-15,1980-06-21,7.0,heavy rains,Kannur
UEI-IMD-FL-1980-0021,1980-06-15,1980-06-21,7.0,heavy rains,Malappuram
UEI-IMD-FL-1980-0021,1980-06-15,1980-06-21,7.0,heavy rains,Kozhikode
UEI-IMD-FL-1980-0021,1980-06-15,1980-06-21,7.0,heavy rains,Kollam
UEI-IMD-FL-1980-0021,1980-06-15,1980-06-21,7.0,heavy rains,Thiruvananthapuram
UEI-IMD-FL-1980-0022,1980-06-22,1980-06-28,7.0,heavy rains,Palakkad
UEI-IMD-FL-1980-0023,1980-07-01,1980-07-14,14.0,heavy rains,Alappuzha
UEI-IMD-FL-1980-0023,1980-07-01,1980-07-14,14.0,heavy rains,Kannur
UEI-IMD-FL-1980-0023,1980-07-01,1980-07-14,14.0,heavy rains,Kottayam
UEI-IMD-FL-1980-0023,1980-07-01,1980-07-14,14.0,heavy rains,Kozhikode
UEI-IMD-FL-1980-0023,1980-07-01,1980-07-14,14.0,heavy rains,Malappuram
UEI-IMD-FL-1980-0023,1980-07-01,1980-07-14,14.0,heavy rains,Palakkad
UEI-IMD-FL-1980-0023,1980-07-01,1980-07-14,14.0,heavy rains,Thrissur
UEI-IMD-FL-1980-0024,1980-08-22,1980-08-28,7.0,heavy rains,Alappuzha
UEI-IMD-FL-1980-0024,1980-08-22,1980-08-28,7.0,heavy rains,Kozhikode
UEI-IMD-FL-1980-0024,1980-08-22,1980-08-28,7.0,heavy rains,Kollam
UEI-IMD-FL-1980-0024,1980-08-22,1980-08-28,7.0,heavy rains,Thrissur
UEI-IMD-FL-1980-0024,1980-08-22,1980-08-28,7.0,heavy rains,Thiruvananthapuram
UEI-IMD-FL-1980-0025,1980-09-22,1980-09-28,7.0,heavy rains,Kottayam
UEI-IMD-FL-1980-0026,1980-10-01,1980-10-07,7.0,heavy rains,Kozhikode
UEI-IMD-FL-1981-0031,1981-06-01,1981-06-07,7.0,moderate floods,Kozhikode
UEI-IMD-FL-1981-0031,1981-06-01,1981-06-07,7.0,moderate floods,Malappuram
UEI-IMD-FL-1981-0031,1981-06-01,1981-06-07,7.0,moderate floods,Ernakulam
UEI-IMD-FL-1981-0031,1981-06-01,1981-06-07,7.0,moderate floods,Thrissur
UEI-IMD-FL-1981-0031,1981-06-01,1981-06-07,7.0,moderate floods,Kollam
UEI-IMD-FL-1981-0031,1981-06-01,1981-06-07,7.0,moderate floods,Kottayam
UEI-IMD-FL-1981-0031,1981-06-01,1981-06-07,7.0,moderate floods,Alappuzha
UEI-IMD-FL-1981-0031,1981-06-01,1981-06-07,7.0,moderate floods,Kannur
UEI-IMD-FL-1981-0032,1981-06-08,1981-06-08,1.0,heavy rains,Malappuram
UEI-IMD-FL-1981-0032,1981-06-08,1981-06-08,1.0,heavy rains,Kollam
UEI-IMD-FL-1981-0032,1981-06-08,1981-06-08,1.0,heavy rains,Thrissur
UEI-IMD-FL-1981-0032,1981-06-08,1981-06-08,1.0,heavy rains,Kozhikode
UEI-IMD-FL-1981-0033,1981-06-14,1981-06-14,1.0,flash floods,Alappuzha
UEI-IMD-FL-1981-0034,1981-07-27,1981-07-27,1.0,heavy rains,Idukki
UEI-IMD-FL-1981-0035,1981-08-17,1981-08-17,1.0,continuous heavy rains,Kozhikode
UEI-IMD-FL-1981-0036,1981-09-15,1981-09-28,14.0,heavy rains,Alappuzha
UEI-IMD-FL-1982-0021,1982-07-30,1982-08-04,6.0,moderate (streams from cape comorin) ...,Kannur
UEI-IMD-FL-1982-0022,1982-08-01,1982-08-03,3.0,heavy rains,Kozhikode
UEI-IMD-FL-1983-0046,1983-07-23,1983-07-23,1.0,heavy rains,Malappuram
UEI-IMD-FL-1983-0047,1983-08-10,1983-08-17,8.0,incessant rains,Ernakulam
UEI-IMD-FL-1983-0048,1983-11-02,1983-11-02,1.0,heavy rains,Palakkad
UEI-IMD-FL-1984-0035,1984-04-23,1984-04-23,1.0,severe,Malappuram
UEI-IMD-FL-1984-0036,1984-06-15,1984-06-15,1.0,heavy rains,Kottayam
UEI-IMD-FL-1984-0036,1984-06-15,1984-06-15,1.0,heavy rains,Wayanad
UEI-IMD-FL-1984-0037,1984-06-16,1984-06-16,1.0,heavy rains,Kozhikode
UEI-IMD-FL-1984-0037,1984-06-16,1984-06-16,1.0,heavy rains,Palakkad
UEI-IMD-FL-1984-0038,1984-06-17,1984-06-17,1.0,heavy rains,Alappuzha
UEI-IMD-FL-1984-0038,1984-06-17,1984-06-17,1.0,heavy rains,Kannur
UEI-IMD-FL-1984-0038,1984-06-17,1984-06-17,1.0,heavy rains,Malappuram
UEI-IMD-FL-1984-0039,1984-06-17,1984-06-28,12.0,heavy rains,Ernakulam
UEI-IMD-FL-1984-0040,1984-06-18,1984-06-18,1.0,heavy rains,Alappuzha
UEI-IMD-FL-1984-0041,1984-07-01,1984-07-03,3.0,heavy rains,Wayanad
UEI-IMD-FL-1984-0042,1984-10-05,1984-10-05,1.0,heavy rains,Alappuzha
UEI-IMD-FL-1984-0043,1984-10-06,1984-10-08,3.0,heavy rains,Kozhikode
UEI-IMD-FL-1985-0029,1985-06-15,1985-06-15,1.0,heavy rains,Kozhikode
UEI-IMD-FL-1985-0030,1985-06-24,1985-06-28,5.0,heavy rains,Idukki
UEI-IMD-FL-1985-0031,1985-06-25,1985-06-29,5.0,heavy rains,Alappuzha
UEI-IMD-FL-1985-0031,1985-06-25,1985-06-29,5.0,heavy rains,Kannur
UEI-IMD-FL-1985-0031,1985-06-25,1985-06-29,5.0,heavy rains,Kottayam
UEI-IMD-FL-1985-0031,1985-06-25,1985-06-29,5.0,heavy rains,Kozhikode
UEI-IMD-FL-1985-0031,1985-06-25,1985-06-29,5.0,heavy rains,Palakkad
UEI-IMD-FL-1985-0031,1985-06-25,1985-06-29,5.0,heavy rains,Thrissur
UEI-IMD-FL-1985-0032,1985-07-14,1985-07-14,1.0,heavy rains,Thiruvananthapuram
UEI-IMD-FL-1986-0039,1986-05-04,1986-05-04,1.0,heavy rains,Kozhikode
UEI-IMD-FL-1986-0039,1986-05-04,1986-05-04,1.0,heavy rains,Thiruvananthapuram
UEI-IMD-FL-1986-0040,1986-03-12,1986-03-12,1.0,heavy rains,Thiruvananthapuram
UEI-IMD-FL-1986-0041,1986-06-18,1986-06-18,1.0,heavy rains,Thiruvananthapuram
UEI-IMD-FL-1986-0042,1986-06-24,1986-06-24,1.0,heavy rains,Kollam
UEI-IMD-FL-1986-0043,1986-08-01,1986-08-14,14.0,severe,Alappuzha
UEI-IMD-FL-1986-0043,1986-08-01,1986-08-14,14.0,severe,Kannur
UEI-IMD-FL-1986-0043,1986-08-01,1986-08-14,14.0,severe,Ernakulam
UEI-IMD-FL-1986-0043,1986-08-01,1986-08-14,14.0,severe,Idukki
UEI-IMD-FL-1986-0043,1986-08-01,1986-08-14,14.0,severe,Kottayam
UEI-IMD-FL-1986-0043,1986-08-01,1986-08-14,14.0,severe,Kollam
UEI-IMD-FL-1987-0021,1987-06-18,1987-06-18,1.0,heavy rains,Ernakulam
UEI-IMD-FL-1987-0022,1987-10-13,1987-10-13,1.0,heavy rains,Idukki
UEI-IMD-FL-1987-0023,1987-11-09,1987-11-09,1.0,heavy rains,Kozhikode
UEI-IMD-FL-1987-0024,1987-12-01,1987-12-01,1.0,heavy rains,Thrissur
UEI-IMD-FL-1987-0025,1987-12-05,1987-12-05,1.0,heavy rains,Thiruvananthapuram
UEI-IMD-FL-1987-0026,1987-12-17,1987-12-17,1.0,heavy rains,Kozhikode
UEI-IMD-FL-1988-0045,1988-04-17,1988-04-17,1.0,heavy rains,Ernakulam
UEI-IMD-FL-1988-0046,1988-06-05,1988-06-05,1.0,heavy rains,Malappuram
UEI-IMD-FL-1988-0047,1988-07-18,1988-07-18,1.0,heavy rains,Idukki
UEI-IMD-FL-1988-0048,1988-07-21,1988-07-21,1.0,heavy rains,Idukki
UEI-IMD-FL-1988-0049,1988-07-23,1988-07-23,1.0,heavy rains,Kannur
UEI-IMD-FL-1988-0050,1988-08-25,1988-08-25,1.0,heavy rains,Malappuram
UEI-IMD-FL-1988-0051,1988-09-15,1988-09-15,1.0,heavy rains,Idukki
UEI-IMD-FL-1988-0052,1988-09-22,1988-09-22,1.0,heavy rains,Kollam
UEI-IMD-FL-1989-0027,1989-06-08,1989-06-14,7.0,heavy rains,Alappuzha
UEI-IMD-FL-1989-0027,1989-06-08,1989-06-14,7.0,heavy rains,Thrissur
UEI-IMD-FL-1989-0028,1989-06-09,1989-06-09,1.0,heavy rains,Kasaragod
UEI-IMD-FL-1989-0029,1989-06-11,1989-06-11,1.0,heavy rains,Kasaragod
UEI-IMD-FL-1989-0030,1989-06-11,1989-06-12,2.0,heavy rains,Idukki
UEI-IMD-FL-1989-0030,1989-06-11,1989-06-12,2.0,heavy rains,Kottayam
UEI-IMD-FL-1989-0031,1989-07-16,1989-07-16,1.0,heavy rains,Idukki
UEI-IMD-FL-1989-0032,1989-07-18,1989-07-18,1.0,heavy rains,Pathanamthitta
UEI-IMD-FL-1989-0033,1989-07-21,1989-07-21,1.0,heavy rains,Thiruvananthapuram
UEI-IMD-FL-1989-0034,1989-07-21,1989-07-22,2.0,heavy rains,Alappuzha
UEI-IMD-FL-1989-0034,1989-07-21,1989-07-22,2.0,heavy rains,Ernakulam
UEI-IMD-FL-1989-0034,1989-07-21,1989-07-22,2.0,heavy rains,Idukki
UEI-IMD-FL-1989-0034,1989-07-21,1989-07-22,2.0,heavy rains,Kozhikode
UEI-IMD-FL-1989-0034,1989-07-21,1989-07-22,2.0,heavy rains,Malappuram
UEI-IMD-FL-1989-0034,1989-07-21,1989-07-22,2.0,heavy rains,Palakkad
UEI-IMD-FL-1990-0030,1990-05-26,1990-05-26,1.0,heavy rains,Kozhikode
UEI-IMD-FL-1990-0031,1990-07-03,1990-07-03,1.0,heavy rains,Kannur
UEI-IMD-FL-1990-0031,1990-07-03,1990-07-03,1.0,heavy rains,Kozhikode
UEI-IMD-FL-1990-0032,1990-11-03,1990-11-03,1.0,heavy rains,Thiruvananthapuram
UEI-IMD-FL-1991-0041,1991-03-09,1991-03-09,1.0,heavy rains,Kollam
UEI-IMD-FL-1991-0042,1991-05-21,1991-05-21,1.0,heavy rains,Kozhikode
UEI-IMD-FL-1991-0043,1991-06-03,1991-06-03,1.0,heavy rains,Ernakulam
UEI-IMD-FL-1991-0044,1991-06-06,1991-06-06,1.0,heavy rains,Alappuzha
UEI-IMD-FL-1991-0044,1991-06-06,1991-06-06,1.0,heavy rains,Idukki
UEI-IMD-FL-1991-0044,1991-06-06,1991-06-06,1.0,heavy rains,Kasaragod
UEI-IMD-FL-1991-0044,1991-06-06,1991-06-06,1.0,heavy rains,Kollam
UEI-IMD-FL-1991-0044,1991-06-06,1991-06-06,1.0,heavy rains,Kottayam
UEI-IMD-FL-1991-0044,1991-06-06,1991-06-06,1.0,heavy rains,Kozhikode
UEI-IMD-FL-1991-0044,1991-06-06,1991-06-06,1.0,heavy rains,Palakkad
UEI-IMD-FL-1991-0044,1991-06-06,1991-06-06,1.0,heavy rains,Pathanamthitta
UEI-IMD-FL-1991-0044,1991-06-06,1991-06-06,1.0,heavy rains,Thiruvananthapuram
UEI-IMD-FL-1991-0044,1991-06-06,1991-06-06,1.0,heavy rains,Wayanad
UEI-IMD-FL-1991-0045,1991-06-09,1991-06-09,1.0,heavy rains,Alappuzha
UEI-IMD-FL-1991-0045,1991-06-09,1991-06-09,1.0,heavy rains,Kozhikode
UEI-IMD-FL-1991-0046,1991-06-19,1991-06-19,1.0,heavy rains,Ernakulam
UEI-IMD-FL-1991-0046,1991-06-19,1991-06-19,1.0,heavy rains,Thiruvananthapuram
UEI-IMD-FL-1991-0047,1991-07-07,1991-07-07,1.0,heavy rains,Kannur
UEI-IMD-FL-1991-0047,1991-07-07,1991-07-07,1.0,heavy rains,Kollam
UEI-IMD-FL-1991-0047,1991-07-07,1991-07-07,1.0,heavy rains,Palakkad
UEI-IMD-FL-1991-0047,1991-07-07,1991-07-07,1.0,heavy rains,Thiruvananthapuram
UEI-IMD-FL-1992-0025,1992-05-18,1992-05-19,2.0,heavy rains,Alappuzha
UEI-IMD-FL-1992-0025,1992-05-18,1992-05-19,2.0,heavy rains,Ernakulam
UEI-IMD-FL-1992-0026,1992-06-08,1992-06-09,2.0,heavy rains,Kasaragod
UEI-IMD-FL-1992-0026,1992-06-08,1992-06-09,2.0,heavy rains,Wayanad
UEI-IMD-FL-1992-0026,1992-06-08,1992-06-09,2.0,heavy rains,Kozhikode
UEI-IMD-FL-1992-0026,1992-06-08,1992-06-09,2.0,heavy rains,Malappuram
UEI-IMD-FL-1992-0026,1992-06-08,1992-06-09,2.0,heavy rains,Palakkad
UEI-IMD-FL-1992-0026,1992-06-08,1992-06-09,2.0,heavy rains,Thrissur
UEI-IMD-FL-1992-0026,1992-06-08,1992-06-09,2.0,heavy rains,Idukki
UEI-IMD-FL-1992-0026,1992-06-08,1992-06-09,2.0,heavy rains,Ernakulam
UEI-IMD-FL-1992-0026,1992-06-08,1992-06-09,2.0,heavy rains,Alappuzha
UEI-IMD-FL-1992-0026,1992-06-08,1992-06-09,2.0,heavy rains,Kottayam
UEI-IMD-FL-1992-0026,1992-06-08,1992-06-09,2.0,heavy rains,Pathanamthitta
UEI-IMD-FL-1992-0026,1992-06-08,1992-06-09,2.0,heavy rains,Kollam
UEI-IMD-FL-1992-0026,1992-06-08,1992-06-09,2.0,heavy rains,Thiruvananthapuram
UEI-IMD-FL-1992-0026,1992-06-08,1992-06-09,2.0,heavy rains,Kannur
UEI-IMD-FL-1992-0027,1992-07-02,1992-07-02,1.0,heavy rains,Kasaragod
UEI-IMD-FL-1992-0027,1992-07-02,1992-07-02,1.0,heavy rains,Wayanad
UEI-IMD-FL-1992-0027,1992-07-02,1992-07-02,1.0,heavy rains,Kozhikode
UEI-IMD-FL-1992-0027,1992-07-02,1992-07-02,1.0,heavy rains,Malappuram
UEI-IMD-FL-1992-0027,1992-07-02,1992-07-02,1.0,heavy rains,Palakkad
UEI-IMD-FL-1992-0027,1992-07-02,1992-07-02,1.0,heavy rains,Thrissur
UEI-IMD-FL-1992-0027,1992-07-02,1992-07-02,1.0,heavy rains,Idukki
UEI-IMD-FL-1992-0027,1992-07-02,1992-07-02,1.0,heavy rains,Ernakulam
UEI-IMD-FL-1992-0027,1992-07-02,1992-07-02,1.0,heavy rains,Alappuzha
UEI-IMD-FL-1992-0027,1992-07-02,1992-07-02,1.0,heavy rains,Kottayam
UEI-IMD-FL-1992-0027,1992-07-02,1992-07-02,1.0,heavy rains,Pathanamthitta
UEI-IMD-FL-1992-0027,1992-07-02,1992-07-02,1.0,heavy rains,Kollam
UEI-IMD-FL-1992-0027,1992-07-02,1992-07-02,1.0,heavy rains,Thiruvananthapuram
UEI-IMD-FL-1992-0027,1992-07-02,1992-07-02,1.0,heavy rains,Kannur
UEI-IMD-FL-1992-0028,1992-07-16,1992-07-16,1.0,heavy rains,Alappuzha
UEI-IMD-FL-1992-0028,1992-07-16,1992-07-16,1.0,heavy rains,Kollam
UEI-IMD-FL-1992-0029,1992-07-27,1992-07-28,2.0,heavy rains,Ernakulam
UEI-IMD-FL-1992-0030,1992-07-28,1992-07-28,1.0,heavy rains,Thiruvananthapuram
UEI-IMD-FL-1992-0031,1992-07-31,1992-07-31,1.0,heavy rains,Kollam
UEI-IMD-FL-1992-0032,1992-08-02,1992-08-02,1.0,heavy rains,Kollam
UEI-IMD-FL-1992-0033,1992-08-08,1992-08-08,1.0,heavy rains,Kollam
UEI-IMD-FL-1992-0033,1992-08-08,1992-08-08,1.0,heavy rains,Kozhikode
UEI-IMD-FL-1992-0034,1992-10-10,1992-10-11,2.0,heavy rains,Alappuzha
UEI-IMD-FL-1992-0034,1992-10-10,1992-10-11,2.0,heavy rains,Kollam
UEI-IMD-FL-1992-0034,1992-10-10,1992-10-11,2.0,heavy rains,Pathanamthitta
UEI-IMD-FL-1992-0034,1992-10-10,1992-10-11,2.0,heavy rains,Thiruvananthapuram
UEI-IMD-FL-1993-0022,1993-06-01,1993-06-01,1.0,heavy rains,Alappuzha
UEI-IMD-FL-1993-0022,1993-06-01,1993-06-01,1.0,heavy rains,Ernakulam
UEI-IMD-FL-1993-0022,1993-06-01,1993-06-01,1.0,heavy rains,Idukki
UEI-IMD-FL-1993-0022,1993-06-01,1993-06-01,1.0,heavy rains,Kollam
UEI-IMD-FL-1993-0022,1993-06-01,1993-06-01,1.0,heavy rains,Pathanamthitta
UEI-IMD-FL-1993-0022,1993-06-01,1993-06-01,1.0,heavy rains,Thiruvananthapuram
UEI-IMD-FL-1993-0022,1993-06-01,1993-06-01,1.0,heavy rains,Thrissur
UEI-IMD-FL-1993-0023,1993-06-13,1993-06-13,1.0,heavy rains,Alappuzha
UEI-IMD-FL-1993-0024,1993-06-18,1993-06-18,1.0,heavy rains,Thiruvananthapuram
UEI-IMD-FL-1993-0025,1993-07-03,1993-07-03,1.0,heavy rains,Kottayam
UEI-IMD-FL-1993-0026,1993-07-18,1993-07-18,1.0,heavy rains,Kollam
UEI-IMD-FL-1993-0027,1993-07-22,1993-07-22,1.0,heavy rains,Kollam
UEI-IMD-FL-1993-0028,1993-07-26,1993-07-26,1.0,heavy rains,Kannur
UEI-IMD-FL-1993-0028,1993-07-26,1993-07-26,1.0,heavy rains,Thiruvananthapuram
UEI-IMD-FL-1993-0029,1993-07-27,1993-07-27,1.0,heavy rains,Malappuram
UEI-IMD-FL-1993-0030,1993-07-28,1993-07-28,1.0,heavy rains,Thiruvananthapuram
UEI-IMD-FL-1993-0031,1993-10-06,1993-10-06,1.0,heavy rains,Kottayam
UEI-IMD-FL-1993-0032,1993-10-08,1993-10-08,1.0,heavy rains,Malappuram
UEI-IMD-FL-1993-0033,1993-10-09,1993-10-09,1.0,heavy rains,Palakkad
UEI-IMD-FL-1993-0034,1993-10-11,1993-10-11,1.0,heavy rains,Alappuzha
UEI-IMD-FL-1993-0035,1993-11-10,1993-11-11,2.0,heavy rains,Idukki
UEI-IMD-FL-1993-0035,1993-11-10,1993-11-11,2.0,heavy rains,Kollam
UEI-IMD-FL-1993-0035,1993-11-10,1993-11-11,2.0,heavy rains,Thiruvananthapuram
UEI-IMD-FL-1994-0038,1994-05-28,1994-05-28,1.0,heavy rains,Palakkad
UEI-IMD-FL-1994-0039,1994-06-01,1994-06-14,14.0,severe flood,Alappuzha
UEI-IMD-FL-1994-0039,1994-06-01,1994-06-14,14.0,severe flood,Ernakulam
UEI-IMD-FL-1994-0039,1994-06-01,1994-06-14,14.0,severe flood,Idukki
UEI-IMD-FL-1994-0039,1994-06-01,1994-06-14,14.0,severe flood,Kasaragod
UEI-IMD-FL-1994-0039,1994-06-01,1994-06-14,14.0,severe flood,Kollam
UEI-IMD-FL-1994-0039,1994-06-01,1994-06-14,14.0,severe flood,Kottayam
UEI-IMD-FL-1994-0039,1994-06-01,1994-06-14,14.0,severe flood,Kozhikode
UEI-IMD-FL-1994-0039,1994-06-01,1994-06-14,14.0,severe flood,Malappuram
UEI-IMD-FL-1994-0039,1994-06-01,1994-06-14,14.0,severe flood,Palakkad
UEI-IMD-FL-1994-0039,1994-06-01,1994-06-14,14.0,severe flood,Pathanamthitta
UEI-IMD-FL-1994-0039,1994-06-01,1994-06-14,14.0,severe flood,Thiruvananthapuram
UEI-IMD-FL-1994-0039,1994-06-01,1994-06-14,14.0,severe flood,Thrissur
UEI-IMD-FL-1994-0040,1994-07-11,1994-07-11,1.0,heavy rains,Kasaragod
UEI-IMD-FL-1994-0041,1994-07-14,1994-07-15,2.0,heavy rains,Idukki
UEI-IMD-FL-1994-0041,1994-07-14,1994-07-15,2.0,heavy rains,Malappuram
UEI-IMD-FL-1994-0042,1994-07-14,1994-07-16,3.0,heavy rains,Alappuzha
UEI-IMD-FL-1994-0042,1994-07-14,1994-07-16,3.0,heavy rains,Ernakulam
UEI-IMD-FL-1994-0042,1994-07-14,1994-07-16,3.0,heavy rains,Idukki
UEI-IMD-FL-1994-0042,1994-07-14,1994-07-16,3.0,heavy rains,Kozhikode
UEI-IMD-FL-1994-0042,1994-07-14,1994-07-16,3.0,heavy rains,Malappuram
UEI-IMD-FL-1994-0042,1994-07-14,1994-07-16,3.0,heavy rains,Palakkad
UEI-IMD-FL-1994-0042,1994-07-14,1994-07-16,3.0,heavy rains,Thrissur
UEI-IMD-FL-1994-0043,1994-07-15,1994-07-15,1.0,heavy rains,Kannur
UEI-IMD-FL-1994-0043,1994-07-15,1994-07-15,1.0,heavy rains,Kozhikode
UEI-IMD-FL-1994-0043,1994-07-15,1994-07-15,1.0,heavy rains,Malappuram
UEI-IMD-FL-1994-0043,1994-07-15,1994-07-15,1.0,heavy rains,Thiruvananthapuram
UEI-IMD-FL-1994-0043,1994-07-15,1994-07-15,1.0,heavy rains,Thrissur
UEI-IMD-FL-1994-0044,1994-07-23,1994-07-23,1.0,heavy rains,Thrissur
UEI-IMD-FL-1994-0045,1994-07-31,1994-07-31,1.0,heavy rains,Kasaragod
UEI-IMD-FL-1994-0045,1994-07-31,1994-07-31,1.0,heavy rains,Kollam
UEI-IMD-FL-1994-0045,1994-07-31,1994-07-31,1.0,heavy rains,Kozhikode
UEI-IMD-FL-1994-0045,1994-07-31,1994-07-31,1.0,heavy rains,Palakkad
UEI-IMD-FL-1994-0045,1994-07-31,1994-07-31,1.0,heavy rains,Pathanamthitta
UEI-IMD-FL-1994-0045,1994-07-31,1994-07-31,1.0,heavy rains,Thiruvananthapuram
UEI-IMD-FL-1994-0046,1994-08-01,1994-08-01,1.0,heavy rains,Alappuzha
UEI-IMD-FL-1994-0046,1994-08-01,1994-08-01,1.0,heavy rains,Thiruvananthapuram
UEI-IMD-FL-1994-0046,1994-08-01,1994-08-01,1.0,heavy rains,Thrissur
UEI-IMD-FL-1994-0047,1994-08-02,1994-08-02,1.0,heavy rains,Ernakulam
UEI-IMD-FL-1994-0047,1994-08-02,1994-08-02,1.0,heavy rains,Idukki
UEI-IMD-FL-1994-0047,1994-08-02,1994-08-02,1.0,heavy rains,Kollam
UEI-IMD-FL-1994-0047,1994-08-02,1994-08-02,1.0,heavy rains,Kottayam
UEI-IMD-FL-1994-0047,1994-08-02,1994-08-02,1.0,heavy rains,Thiruvananthapuram
UEI-IMD-FL-1994-0048,1994-08-03,1994-08-09,7.0,heavy rains,Alappuzha
UEI-IMD-FL-1994-0048,1994-08-03,1994-08-09,7.0,heavy rains,Ernakulam
UEI-IMD-FL-1994-0048,1994-08-03,1994-08-09,7.0,heavy rains,Idukki
UEI-IMD-FL-1994-0048,1994-08-03,1994-08-09,7.0,heavy rains,Kannur
UEI-IMD-FL-1994-0048,1994-08-03,1994-08-09,7.0,heavy rains,Kasaragod
UEI-IMD-FL-1994-0048,1994-08-03,1994-08-09,7.0,heavy rains,Kollam
UEI-IMD-FL-1994-0048,1994-08-03,1994-08-09,7.0,heavy rains,Kottayam
UEI-IMD-FL-1994-0048,1994-08-03,1994-08-09,7.0,heavy rains,Pathanamthitta
UEI-IMD-FL-1994-0048,1994-08-03,1994-08-09,7.0,heavy rains,Thiruvananthapuram
UEI-IMD-FL-1994-0048,1994-08-03,1994-08-09,7.0,heavy rains,Thrissur
UEI-IMD-FL-1994-0049,1994-09-22,1994-09-22,1.0,heavy rains,Kannur
UEI-IMD-FL-1994-0050,1994-10-03,1994-10-06,4.0,heav rains,Kollam
UEI-IMD-FL-1994-0050,1994-10-03,1994-10-06,4.0,heav rains,Thiruvananthapuram
UEI-IMD-FL-1994-0051,1994-10-11,1994-10-11,1.0,heavy rains,Idukki
UEI-IMD-FL-1994-0052,1994-10-16,1994-10-16,1.0,heavy rains,Kozhikode
UEI-IMD-FL-1994-0053,1994-10-24,1994-10-24,1.0,heavy rains,Kollam
UEI-IMD-FL-1995-0040,1995-03-28,1995-03-28,1.0,heavy rains,Pathanamthitta
UEI-IMD-FL-1995-0041,1995-05-07,1995-05-08,2.0,heavy rains,Kollam
UEI-IMD-FL-1995-0042,1995-05-07,1995-05-09,3.0,heavy rains,Ernakulam
UEI-IMD-FL-1995-0042,1995-05-07,1995-05-09,3.0,heavy rains,Idukki
UEI-IMD-FL-1995-0042,1995-05-07,1995-05-09,3.0,heavy rains,Thiruvananthapuram
UEI-IMD-FL-1995-0043,1995-05-07,1995-05-10,4.0,heavy rains,Alappuzha
UEI-IMD-FL-1995-0043,1995-05-07,1995-05-10,4.0,heavy rains,Kottayam
UEI-IMD-FL-1995-0044,1995-05-07,1995-05-11,5.0,heavy rains,Kozhikode
UEI-IMD-FL-1995-0044,1995-05-07,1995-05-11,5.0,heavy rains,Pathanamthitta
UEI-IMD-FL-1995-0045,1995-06-13,1995-06-17,5.0,heavy rains,Ernakulam
UEI-IMD-FL-1995-0045,1995-06-13,1995-06-17,5.0,heavy rains,Idukki
UEI-IMD-FL-1995-0045,1995-06-13,1995-06-17,5.0,heavy rains,Kasaragod
UEI-IMD-FL-1995-0045,1995-06-13,1995-06-17,5.0,heavy rains,Kollam
UEI-IMD-FL-1995-0045,1995-06-13,1995-06-17,5.0,heavy rains,Kottayam
UEI-IMD-FL-1995-0045,1995-06-13,1995-06-17,5.0,heavy rains,Kozhikode
UEI-IMD-FL-1995-0045,1995-06-13,1995-06-17,5.0,heavy rains,Malappuram
UEI-IMD-FL-1995-0045,1995-06-13,1995-06-17,5.0,heavy rains,Thiruvananthapuram
UEI-IMD-FL-1995-0046,1995-06-29,1995-06-29,1.0,heavy rains,Kasaragod
UEI-IMD-FL-1995-0047,1995-07-05,1995-07-12,8.0,heavy rains,Idukki
UEI-IMD-FL-1995-0047,1995-07-05,1995-07-12,8.0,heavy rains,Kasaragod
UEI-IMD-FL-1995-0047,1995-07-05,1995-07-12,8.0,heavy rains,Kozhikode
UEI-IMD-FL-1995-0048,1995-07-14,1995-07-18,5.0,heavy rains,Idukki
UEI-IMD-FL-1995-0048,1995-07-14,1995-07-18,5.0,heavy rains,Kottayam
UEI-IMD-FL-1995-0048,1995-07-14,1995-07-18,5.0,heavy rains,Malappuram
UEI-IMD-FL-1995-0049,1995-07-21,1995-07-26,6.0,heavy rains,Kannur
UEI-IMD-FL-1995-0049,1995-07-21,1995-07-26,6.0,heavy rains,Kasaragod
UEI-IMD-FL-1995-0049,1995-07-21,1995-07-26,6.0,heavy rains,Kottayam
UEI-IMD-FL-1995-0050,1995-08-04,1995-08-04,1.0,heavy rains,Kannur
UEI-IMD-FL-1995-0051,1995-09-02,1995-09-03,2.0,heavy rains,Alappuzha
UEI-IMD-FL-1995-0051,1995-09-02,1995-09-03,2.0,heavy rains,Idukki
UEI-IMD-FL-1995-0051,1995-09-02,1995-09-03,2.0,heavy rains,Wayanad
UEI-IMD-FL-1995-0052,1995-10-07,1995-10-07,1.0,heavy rains,Kozhikode
UEI-IMD-FL-1995-0052,1995-10-07,1995-10-07,1.0,heavy rains,Thiruvananthapuram
UEI-IMD-FL-1995-0053,1995-10-15,1995-10-28,14.0,heavy rains,Alappuzha
UEI-IMD-FL-1995-0053,1995-10-15,1995-10-28,14.0,heavy rains,Kollam
UEI-IMD-FL-1995-0053,1995-10-15,1995-10-28,14.0,heavy rains,Malappuram
UEI-IMD-FL-1995-0053,1995-10-15,1995-10-28,14.0,heavy rains,Thiruvananthapuram
UEI-IMD-FL-1995-0053,1995-10-15,1995-10-28,14.0,heavy rains,Wayanad
UEI-IMD-FL-1995-0054,1995-10-18,1995-10-19,2.0,heavy rains,Idukki
UEI-IMD-FL-1995-0054,1995-10-18,1995-10-19,2.0,heavy rains,Thiruvananthapuram
UEI-IMD-FL-1996-0050,1996-06-03,1996-06-03,1.0,heavy rains,Kottayam
UEI-IMD-FL-1996-0051,1996-06-13,1996-06-13,1.0,heavy rains,Thiruvananthapuram
UEI-IMD-FL-1996-0052,1996-06-14,1996-06-15,2.0,heavy rains,Alappuzha
UEI-IMD-FL-1996-0052,1996-06-14,1996-06-15,2.0,heavy rains,Ernakulam
UEI-IMD-FL-1996-0052,1996-06-14,1996-06-15,2.0,heavy rains,Idukki
UEI-IMD-FL-1996-0052,1996-06-14,1996-06-15,2.0,heavy rains,Kannur
UEI-IMD-FL-1996-0052,1996-06-14,1996-06-15,2.0,heavy rains,Kasaragod
UEI-IMD-FL-1996-0052,1996-06-14,1996-06-15,2.0,heavy rains,Kottayam
UEI-IMD-FL-1996-0052,1996-06-14,1996-06-15,2.0,heavy rains,Kozhikode
UEI-IMD-FL-1996-0052,1996-06-14,1996-06-15,2.0,heavy rains,Malappuram
UEI-IMD-FL-1996-0052,1996-06-14,1996-06-15,2.0,heavy rains,Thrissur
UEI-IMD-FL-1996-0052,1996-06-14,1996-06-15,2.0,heavy rains,Wayanad
UEI-IMD-FL-1996-0053,1996-06-16,1996-06-22,7.0,heavy rains,Kasaragod
UEI-IMD-FL-1996-0053,1996-06-16,1996-06-22,7.0,heavy rains,Wayanad
UEI-IMD-FL-1996-0053,1996-06-16,1996-06-22,7.0,heavy rains,Kozhikode
UEI-IMD-FL-1996-0053,1996-06-16,1996-06-22,7.0,heavy rains,Malappuram
UEI-IMD-FL-1996-0053,1996-06-16,1996-06-22,7.0,heavy rains,Palakkad
UEI-IMD-FL-1996-0053,1996-06-16,1996-06-22,7.0,heavy rains,Thrissur
UEI-IMD-FL-1996-0053,1996-06-16,1996-06-22,7.0,heavy rains,Idukki
UEI-IMD-FL-1996-0053,1996-06-16,1996-06-22,7.0,heavy rains,Ernakulam
UEI-IMD-FL-1996-0053,1996-06-16,1996-06-22,7.0,heavy rains,Alappuzha
UEI-IMD-FL-1996-0053,1996-06-16,1996-06-22,7.0,heavy rains,Kottayam
UEI-IMD-FL-1996-0053,1996-06-16,1996-06-22,7.0,heavy rains,Pathanamthitta
UEI-IMD-FL-1996-0053,1996-06-16,1996-06-22,7.0,heavy rains,Kollam
UEI-IMD-FL-1996-0053,1996-06-16,1996-06-22,7.0,heavy rains,Thiruvananthapuram
UEI-IMD-FL-1996-0053,1996-06-16,1996-06-22,7.0,heavy rains,Kannur
UEI-IMD-FL-1996-0054,1996-06-17,1996-06-17,1.0,heavy rains,Thiruvananthapuram
UEI-IMD-FL-1996-0055,1996-06-20,1996-06-20,1.0,heavy rains,Kozhikode
UEI-IMD-FL-1996-0055,1996-06-20,1996-06-20,1.0,heavy rains,Thiruvananthapuram
UEI-IMD-FL-1996-0056,1996-07-20,1996-07-21,2.0,heavy rains,Idukki
UEI-IMD-FL-1996-0056,1996-07-20,1996-07-21,2.0,heavy rains,Pathanamthitta
UEI-IMD-FL-1996-0057,1996-07-24,1996-07-24,1.0,heavy rains,Idukki
UEI-IMD-FL-1996-0057,1996-07-24,1996-07-24,1.0,heavy rains,Kozhikode
UEI-IMD-FL-1996-0058,1996-08-08,1996-08-08,1.0,heavy rains,Thiruvananthapuram
UEI-IMD-FL-1996-0059,1996-08-12,1996-08-12,1.0,heavy rains,Idukki
UEI-IMD-FL-1996-0060,1996-08-23,1996-08-23,1.0,heavy rains,Kottayam
UEI-IMD-FL-1996-0061,1996-09-11,1996-09-11,1.0,heavy rains,Idukki
UEI-IMD-FL-1997-0040,1997-05-07,1997-05-07,1.0,heavy rains,Kottayam
UEI-IMD-FL-1997-0041,1997-06-30,1997-06-30,1.0,heavy rains,Ernakulam
UEI-IMD-FL-1997-0042,1997-07-01,1997-07-12,12.0,heavy rains,Kannur
UEI-IMD-FL-1997-0042,1997-07-01,1997-07-12,12.0,heavy rains,Kasaragod
UEI-IMD-FL-1997-0042,1997-07-01,1997-07-12,12.0,heavy rains,Kottayam
UEI-IMD-FL-1997-0042,1997-07-01,1997-07-12,12.0,heavy rains,Kozhikode
UEI-IMD-FL-1997-0042,1997-07-01,1997-07-12,12.0,heavy rains,Malappuram
UEI-IMD-FL-1997-0042,1997-07-01,1997-07-12,12.0,heavy rains,Thiruvananthapuram
UEI-IMD-FL-1997-0043,1997-07-20,1997-07-24,5.0,heavy rains,Idukki
UEI-IMD-FL-1997-0043,1997-07-20,1997-07-24,5.0,heavy rains,Kottayam
UEI-IMD-FL-1997-0044,1997-07-24,1997-07-26,3.0,heavy rains,Alappuzha
UEI-IMD-FL-1997-0044,1997-07-24,1997-07-26,3.0,heavy rains,Malappuram
UEI-IMD-FL-1997-0045,1997-08-08,1997-08-10,3.0,heavy rains,Malappuram
UEI-IMD-FL-1997-0045,1997-08-08,1997-08-10,3.0,heavy rains,Thiruvananthapuram
UEI-IMD-FL-1997-0045,1997-08-08,1997-08-10,3.0,heavy rains,Thrissur
UEI-IMD-FL-1997-0046,1997-09-12,1997-09-12,1.0,heavy rains,Kottayam
UEI-IMD-FL-1997-0047,1997-09-22,1997-09-22,1.0,heavy rains,Thiruvananthapuram
UEI-IMD-FL-1997-0048,1997-11-03,1997-11-11,9.0,heavy rains,Alappuzha
UEI-IMD-FL-1997-0048,1997-11-03,1997-11-11,9.0,heavy rains,Idukki
UEI-IMD-FL-1997-0048,1997-11-03,1997-11-11,9.0,heavy rains,Kottayam
UEI-IMD-FL-1997-0048,1997-11-03,1997-11-11,9.0,heavy rains,Malappuram
UEI-IMD-FL-1997-0048,1997-11-03,1997-11-11,9.0,heavy rains,Pathanamthitta
UEI-IMD-FL-1997-0049,1997-11-28,1997-11-28,1.0,heavy rains,Idukki
UEI-IMD-FL-1997-0050,1997-12-16,1997-12-16,1.0,heavy rains,Ernakulam
UEI-IMD-FL-1998-0055,1998-05-15,1998-05-15,1.0,heavy rains,Thiruvananthapuram
UEI-IMD-FL-1998-0056,1998-06-28,1998-06-28,1.0,heavy rains,Idukki
UEI-IMD-FL-1998-0057,1998-07-02,1998-07-06,5.0,heavy rains,Idukki
UEI-IMD-FL-1998-0057,1998-07-02,1998-07-06,5.0,heavy rains,Kasaragod
UEI-IMD-FL-1998-0057,1998-07-02,1998-07-06,5.0,heavy rains,Kottayam
UEI-IMD-FL-1998-0057,1998-07-02,1998-07-06,5.0,heavy rains,Malappuram
UEI-IMD-FL-1998-0057,1998-07-02,1998-07-06,5.0,heavy rains,Palakkad
UEI-IMD-FL-1998-0057,1998-07-02,1998-07-06,5.0,heavy rains,Thiruvananthapuram
UEI-IMD-FL-1998-0057,1998-07-02,1998-07-06,5.0,heavy rains,Wayanad
UEI-IMD-FL-1998-0058,1998-07-12,1998-07-15,4.0,heavy rains,Ernakulam
UEI-IMD-FL-1998-0058,1998-07-12,1998-07-15,4.0,heavy rains,Idukki
UEI-IMD-FL-1998-0058,1998-07-12,1998-07-15,4.0,heavy rains,Malappuram
UEI-IMD-FL-1998-0058,1998-07-12,1998-07-15,4.0,heavy rains,Pathanamthitta
UEI-IMD-FL-1998-0058,1998-07-12,1998-07-15,4.0,heavy rains,Thrissur
UEI-IMD-FL-1998-0059,1998-10-10,1998-10-17,8.0,severe floods,Kollam
UEI-IMD-FL-1998-0059,1998-10-10,1998-10-17,8.0,severe floods,Kottayam
UEI-IMD-FL-1998-0059,1998-10-10,1998-10-17,8.0,severe floods,Kozhikode
UEI-IMD-FL-1998-0059,1998-10-10,1998-10-17,8.0,severe floods,Malappuram
UEI-IMD-FL-1998-0059,1998-10-10,1998-10-17,8.0,severe floods,Pathanamthitta
UEI-IMD-FL-1998-0059,1998-10-10,1998-10-17,8.0,severe floods,Thiruvananthapuram
UEI-IMD-FL-1998-0059,1998-10-10,1998-10-17,8.0,severe floods,Wayanad
UEI-IMD-FL-1998-0060,1998-11-01,1998-11-05,5.0,heavy rains,Idukki
UEI-IMD-FL-1998-0060,1998-11-01,1998-11-05,5.0,heavy rains,Thiruvananthapuram
UEI-IMD-FL-1998-0061,1998-11-11,1998-11-12,2.0,heavy rains,Palakkad
UEI-IMD-FL-1998-0061,1998-11-11,1998-11-12,2.0,heavy rains,Pathanamthitta
UEI-IMD-FL-1999-0043,1999-02-05,1999-02-05,1.0,heavy rains,Kollam
UEI-IMD-FL-1999-0044,1999-05-25,1999-05-28,4.0,heavy rains,Idukki
UEI-IMD-FL-1999-0044,1999-05-25,1999-05-28,4.0,heavy rains,Kottayam
UEI-IMD-FL-1999-0045,1999-06-07,1999-06-12,6.0,heavy rains,Kasaragod
UEI-IMD-FL-1999-0045,1999-06-07,1999-06-12,6.0,heavy rains,Wayanad
UEI-IMD-FL-1999-0045,1999-06-07,1999-06-12,6.0,heavy rains,Kozhikode
UEI-IMD-FL-1999-0045,1999-06-07,1999-06-12,6.0,heavy rains,Malappuram
UEI-IMD-FL-1999-0045,1999-06-07,1999-06-12,6.0,heavy rains,Palakkad
UEI-IMD-FL-1999-0045,1999-06-07,1999-06-12,6.0,heavy rains,Thrissur
UEI-IMD-FL-1999-0045,1999-06-07,1999-06-12,6.0,heavy rains,Idukki
UEI-IMD-FL-1999-0045,1999-06-07,1999-06-12,6.0,heavy rains,Ernakulam
UEI-IMD-FL-1999-0045,1999-06-07,1999-06-12,6.0,heavy rains,Alappuzha
UEI-IMD-FL-1999-0045,1999-06-07,1999-06-12,6.0,heavy rains,Kottayam
UEI-IMD-FL-1999-0045,1999-06-07,1999-06-12,6.0,heavy rains,Pathanamthitta
UEI-IMD-FL-1999-0045,1999-06-07,1999-06-12,6.0,heavy rains,Kollam
UEI-IMD-FL-1999-0045,1999-06-07,1999-06-12,6.0,heavy rains,Thiruvananthapuram
UEI-IMD-FL-1999-0045,1999-06-07,1999-06-12,6.0,heavy rains,Kannur
UEI-IMD-FL-1999-0046,1999-06-16,1999-06-20,5.0,heavy rains,Ernakulam
UEI-IMD-FL-1999-0046,1999-06-16,1999-06-20,5.0,heavy rains,Idukki
UEI-IMD-FL-1999-0046,1999-06-16,1999-06-20,5.0,heavy rains,Kasaragod
UEI-IMD-FL-1999-0046,1999-06-16,1999-06-20,5.0,heavy rains,Kozhikode
UEI-IMD-FL-1999-0046,1999-06-16,1999-06-20,5.0,heavy rains,Malappuram
UEI-IMD-FL-1999-0046,1999-06-16,1999-06-20,5.0,heavy rains,Palakkad
UEI-IMD-FL-1999-0046,1999-06-16,1999-06-20,5.0,heavy rains,Pathanamthitta
UEI-IMD-FL-1999-0047,1999-07-17,1999-07-31,15.0,heavy rains,Idukki
UEI-IMD-FL-1999-0047,1999-07-17,1999-07-31,15.0,heavy rains,Kannur
UEI-IMD-FL-1999-0047,1999-07-17,1999-07-31,15.0,heavy rains,Kasaragod
UEI-IMD-FL-1999-0047,1999-07-17,1999-07-31,15.0,heavy rains,Kollam
UEI-IMD-FL-1999-0047,1999-07-17,1999-07-31,15.0,heavy rains,Palakkad
UEI-IMD-FL-1999-0047,1999-07-17,1999-07-31,15.0,heavy rains,Pathanamthitta
UEI-IMD-FL-1999-0047,1999-07-17,1999-07-31,15.0,heavy rains,Thiruvananthapuram
UEI-IMD-FL-1999-0047,1999-07-17,1999-07-31,15.0,heavy rains,Thrissur
UEI-IMD-FL-1999-0048,1999-08-02,1999-08-02,1.0,heavy rains,Kasaragod
UEI-IMD-FL-1999-0048,1999-08-02,1999-08-02,1.0,heavy rains,Kozhikode
UEI-IMD-FL-1999-0048,1999-08-02,1999-08-02,1.0,heavy rains,Malappuram
UEI-IMD-FL-1999-0049,1999-10-09,1999-10-09,1.0,heavy rains,Kannur
UEI-IMD-FL-1999-0050,1999-10-18,1999-10-22,5.0,heavy rains,Kasaragod
UEI-IMD-FL-1999-0050,1999-10-18,1999-10-22,5.0,heavy rains,Wayanad
UEI-IMD-FL-1999-0050,1999-10-18,1999-10-22,5.0,heavy rains,Kozhikode
UEI-IMD-FL-1999-0050,1999-10-18,1999-10-22,5.0,heavy rains,Malappuram
UEI-IMD-FL-1999-0050,1999-10-18,1999-10-22,5.0,heavy rains,Palakkad
UEI-IMD-FL-1999-0050,1999-10-18,1999-10-22,5.0,heavy rains,Thrissur
UEI-IMD-FL-1999-0050,1999-10-18,1999-10-22,5.0,heavy rains,Idukki
UEI-IMD-FL-1999-0050,1999-10-18,1999-10-22,5.0,heavy rains,Ernakulam
UEI-IMD-FL-1999-0050,1999-10-18,1999-10-22,5.0,heavy rains,Alappuzha
UEI-IMD-FL-1999-0050,1999-10-18,1999-10-22,5.0,heavy rains,Kottayam
UEI-IMD-FL-1999-0050,1999-10-18,1999-10-22,5.0,heavy rains,Pathanamthitta
UEI-IMD-FL-1999-0050,1999-10-18,1999-10-22,5.0,heavy rains,Kollam
UEI-IMD-FL-1999-0050,1999-10-18,1999-10-22,5.0,heavy rains,Thiruvananthapuram
UEI-IMD-FL-1999-0050,1999-10-18,1999-10-22,5.0,heavy rains,Kannur
UEI-IMD-FL-2000-0062,2000-04-08,2000-04-08,1.0,heavy rains,Thiruvananthapuram
UEI-IMD-FL-2000-0063,2000-06-08,2000-06-14,7.0,heavy rains,Alappuzha
UEI-IMD-FL-2000-0063,2000-06-08,2000-06-14,7.0,heavy rains,Idukki
UEI-IMD-FL-2000-0063,2000-06-08,2000-06-14,7.0,heavy rains,Kannur
UEI-IMD-FL-2000-0064,2000-06-17,2000-06-17,1.0,heavy rains,Alappuzha
UEI-IMD-FL-2000-0065,2000-07-01,2000-07-01,1.0,heavy rains,Kasaragod
UEI-IMD-FL-2000-0066,2000-07-07,2000-07-10,4.0,heavy rains,Idukki
UEI-IMD-FL-2000-0066,2000-07-07,2000-07-10,4.0,heavy rains,Kollam
UEI-IMD-FL-2000-0066,2000-07-07,2000-07-10,4.0,heavy rains,Pathanamthitta
UEI-IMD-FL-2000-0066,2000-07-07,2000-07-10,4.0,heavy rains,Thiruvananthapuram
UEI-IMD-FL-2000-0067,2000-08-08,2000-08-08,1.0,heavy rains,Kottayam
UEI-IMD-FL-2000-0068,2000-08-22,2000-08-28,7.0,heavy rains,Alappuzha
UEI-IMD-FL-2000-0068,2000-08-22,2000-08-28,7.0,heavy rains,Idukki
UEI-IMD-FL-2000-0068,2000-08-22,2000-08-28,7.0,heavy rains,Kannur
UEI-IMD-FL-2000-0068,2000-08-22,2000-08-28,7.0,heavy rains,Kasaragod
UEI-IMD-FL-2000-0068,2000-08-22,2000-08-28,7.0,heavy rains,Kollam
UEI-IMD-FL-2000-0068,2000-08-22,2000-08-28,7.0,heavy rains,Kottayam
UEI-IMD-FL-2000-0068,2000-08-22,2000-08-28,7.0,heavy rains,Kozhikode
UEI-IMD-FL-2000-0068,2000-08-22,2000-08-28,7.0,heavy rains,Malappuram
UEI-IMD-FL-2000-0068,2000-08-22,2000-08-28,7.0,heavy rains,Palakkad
UEI-IMD-FL-2000-0068,2000-08-22,2000-08-28,7.0,heavy rains,Pathanamthitta
UEI-IMD-FL-2000-0068,2000-08-22,2000-08-28,7.0,heavy rains,Thiruvananthapuram
UEI-IMD-FL-2000-0068,2000-08-22,2000-08-28,7.0,heavy rains,Thrissur
UEI-IMD-FL-2000-0068,2000-08-22,2000-08-28,7.0,heavy rains,Wayanad
UEI-IMD-FL-2001-0048,2001-04-07,2001-04-07,1.0,heavy rains,Kottayam
UEI-IMD-FL-2001-0048,2001-04-07,2001-04-07,1.0,heavy rains,Kozhikode
UEI-IMD-FL-2001-0049,2001-05-26,2001-05-26,1.0,heavy rains,Alappuzha
UEI-IMD-FL-2001-0049,2001-05-26,2001-05-26,1.0,heavy rains,Kollam
UEI-IMD-FL-2001-0049,2001-05-26,2001-05-26,1.0,heavy rains,Kozhikode
UEI-IMD-FL-2001-0050,2001-06-08,2001-06-08,1.0,heavy rains,Kasaragod
UEI-IMD-FL-2001-0051,2001-06-15,2001-06-21,7.0,heavy rains,Alappuzha
UEI-IMD-FL-2001-0051,2001-06-15,2001-06-21,7.0,heavy rains,Kollam
UEI-IMD-FL-2001-0051,2001-06-15,2001-06-21,7.0,heavy rains,Kozhikode
UEI-IMD-FL-2001-0051,2001-06-15,2001-06-21,7.0,heavy rains,Malappuram
UEI-IMD-FL-2001-0051,2001-06-15,2001-06-21,7.0,heavy rains,Wayanad
UEI-IMD-FL-2001-0052,2001-07-08,2001-07-14,7.0,heavy rains,Alappuzha
UEI-IMD-FL-2001-0052,2001-07-08,2001-07-14,7.0,heavy rains,Idukki
UEI-IMD-FL-2001-0052,2001-07-08,2001-07-14,7.0,heavy rains,Kollam
UEI-IMD-FL-2001-0052,2001-07-08,2001-07-14,7.0,heavy rains,Kottayam
UEI-IMD-FL-2001-0052,2001-07-08,2001-07-14,7.0,heavy rains,Thiruvananthapuram
UEI-IMD-FL-2001-0052,2001-07-08,2001-07-14,7.0,heavy rains,Thrissur
UEI-IMD-FL-2001-0053,2001-09-22,2001-09-25,4.0,heavy rains,Thiruvananthapuram
UEI-IMD-FL-2001-0054,2001-11-10,2001-11-10,1.0,heavy rains,Thiruvananthapuram
UEI-IMD-FL-2002-0030,2002-06-11,2002-06-13,3.0,heavy rains,Kollam
UEI-IMD-FL-2002-0030,2002-06-11,2002-06-13,3.0,heavy rains,Kozhikode
UEI-IMD-FL-2002-0030,2002-06-11,2002-06-13,3.0,heavy rains,Thrissur
UEI-IMD-FL-2002-0031,2002-07-12,2002-07-12,1.0,heavy rains,Kannur
UEI-IMD-FL-2002-0032,2002-08-16,2002-08-16,1.0,heavy rains,Kottayam
UEI-IMD-FL-2002-0032,2002-08-16,2002-08-16,1.0,heavy rains,Kozhikode
UEI-IMD-FL-2002-0032,2002-08-16,2002-08-16,1.0,heavy rains,Palakkad
UEI-IMD-FL-2002-0033,2002-10-12,2002-10-13,2.0,heavy rains,Kasaragod
UEI-IMD-FL-2002-0034,2002-10-13,2002-10-16,4.0,heavy rains,Kannur
UEI-IMD-FL-2002-0034,2002-10-13,2002-10-16,4.0,heavy rains,Kasaragod
UEI-IMD-FL-2002-0034,2002-10-13,2002-10-16,4.0,heavy rains,Kozhikode
UEI-IMD-FL-2002-0034,2002-10-13,2002-10-16,4.0,heavy rains,Thiruvananthapuram
UEI-IMD-FL-2003-0045,2003-06-18,2003-06-24,7.0,heavy rains,Kannur
UEI-IMD-FL-2003-0045,2003-06-18,2003-06-24,7.0,heavy rains,Kasaragod
UEI-IMD-FL-2003-0045,2003-06-18,2003-06-24,7.0,heavy rains,Kozhikode
UEI-IMD-FL-2003-0045,2003-06-18,2003-06-24,7.0,heavy rains,Thiruvananthapuram
UEI-IMD-FL-2003-0046,2003-07-04,2003-07-04,1.0,heavy rains,Kottayam
UEI-IMD-FL-2003-0047,2003-07-06,2003-07-06,1.0,heavy rains,Kasaragod
UEI-IMD-FL-2003-0047,2003-07-06,2003-07-06,1.0,heavy rains,Kottayam
UEI-IMD-FL-2003-0047,2003-07-06,2003-07-06,1.0,heavy rains,Palakkad
UEI-IMD-FL-2003-0048,2003-07-15,2003-07-15,1.0,heavy rains,Kasaragod
UEI-IMD-FL-2003-0049,2003-10-02,2003-10-02,1.0,heavy rains,Thrissur
UEI-IMD-FL-2003-0050,2003-10-05,2003-10-07,3.0,heavy rains,Idukki
UEI-IMD-FL-2003-0050,2003-10-05,2003-10-07,3.0,heavy rains,Kollam
UEI-IMD-FL-2003-0050,2003-10-05,2003-10-07,3.0,heavy rains,Thiruvananthapuram
UEI-IMD-FL-2003-0051,2003-10-23,2003-10-23,1.0,heavy rains,Palakkad
UEI-IMD-FL-2004-0034,2004-06-04,2004-06-18,15.0,heavy rains,Idukki
UEI-IMD-FL-2004-0034,2004-06-04,2004-06-18,15.0,heavy rains,Kannur
UEI-IMD-FL-2004-0034,2004-06-04,2004-06-18,15.0,heavy rains,Kollam
UEI-IMD-FL-2004-0034,2004-06-04,2004-06-18,15.0,heavy rains,Kottayam
UEI-IMD-FL-2004-0034,2004-06-04,2004-06-18,15.0,heavy rains,Kozhikode
UEI-IMD-FL-2004-0034,2004-06-04,2004-06-18,15.0,heavy rains,Malappuram
UEI-IMD-FL-2004-0034,2004-06-04,2004-06-18,15.0,heavy rains,Palakkad
UEI-IMD-FL-2004-0034,2004-06-04,2004-06-18,15.0,heavy rains,Thrissur
UEI-IMD-FL-2004-0034,2004-06-04,2004-06-18,15.0,heavy rains,Thiruvananthapuram
UEI-IMD-FL-2004-0035,2004-07-04,2004-07-04,1.0,heavy rains,Kannur
UEI-IMD-FL-2004-0036,2004-07-07,2004-07-09,3.0,heavy rains,Thiruvananthapuram
UEI-IMD-FL-2004-0036,2004-07-07,2004-07-09,3.0,heavy rains,Wayanad
UEI-IMD-FL-2004-0037,2004-07-19,2004-07-19,1.0,heavy rains,Thiruvananthapuram
UEI-IMD-FL-2004-0038,2004-08-03,2004-08-08,6.0,heavy rains,Idukki
UEI-IMD-FL-2004-0038,2004-08-03,2004-08-08,6.0,heavy rains,Kannur
UEI-IMD-FL-2004-0038,2004-08-03,2004-08-08,6.0,heavy rains,Kasaragod
UEI-IMD-FL-2004-0038,2004-08-03,2004-08-08,6.0,heavy rains,Kollam
UEI-IMD-FL-2004-0038,2004-08-03,2004-08-08,6.0,heavy rains,Kozhikode
UEI-IMD-FL-2004-0038,2004-08-03,2004-08-08,6.0,heavy rains,Malappuram
UEI-IMD-FL-2004-0038,2004-08-03,2004-08-08,6.0,heavy rains,Palakkad
UEI-IMD-FL-2004-0038,2004-08-03,2004-08-08,6.0,heavy rains,Wayanad
UEI-IMD-FL-2004-0039,2004-10-04,2004-10-04,1.0,heavy rains,Alappuzha
UEI-IMD-FL-2004-0039,2004-10-04,2004-10-04,1.0,heavy rains,Ernakulam
UEI-IMD-FL-2004-0039,2004-10-04,2004-10-04,1.0,heavy rains,Thrissur
UEI-IMD-FL-2005-0066,2005-02-01,2005-02-01,1.0,heavy rains,Thiruvananthapuram
UEI-IMD-FL-2005-0067,2005-03-15,2005-03-15,1.0,heavy rains,Thiruvananthapuram
UEI-IMD-FL-2005-0069,2005-04-06,2005-04-06,1.0,heavy rains,Thiruvananthapuram
UEI-IMD-FL-2005-0069,2005-04-06,2005-04-06,1.0,heavy rains,Wayanad
UEI-IMD-FL-2005-0070,2005-04-12,2005-04-12,1.0,heavy rains,Thiruvananthapuram
UEI-IMD-FL-2005-0071,2005-04-15,2005-04-28,14.0,heavy rains,Thiruvananthapuram
UEI-IMD-FL-2005-0071,2005-04-15,2005-04-28,14.0,heavy rains,Wayanad
UEI-IMD-FL-2005-0072,2005-05-02,2005-05-02,1.0,heavy rains,Wayanad
UEI-IMD-FL-2005-0073,2005-05-17,2005-05-17,1.0,moderate flood,Thiruvananthapuram
UEI-IMD-FL-2005-0074,2005-05-29,2005-05-29,1.0,heavy rains,Wayanad
UEI-IMD-FL-2005-0075,2005-06-01,2005-06-14,14.0,heavy rains,Kollam
UEI-IMD-FL-2005-0075,2005-06-01,2005-06-14,14.0,heavy rains,Thiruvananthapuram
UEI-IMD-FL-2005-0075,2005-06-01,2005-06-14,14.0,heavy rains,Wayanad
UEI-IMD-FL-2005-0076,2005-06-15,2005-06-28,14.0,heavy rains,Alappuzha
UEI-IMD-FL-2005-0076,2005-06-15,2005-06-28,14.0,heavy rains,Ernakulam
UEI-IMD-FL-2005-0076,2005-06-15,2005-06-28,14.0,heavy rains,Kannur
UEI-IMD-FL-2005-0076,2005-06-15,2005-06-28,14.0,heavy rains,Kasaragod
UEI-IMD-FL-2005-0076,2005-06-15,2005-06-28,14.0,heavy rains,Kollam
UEI-IMD-FL-2005-0076,2005-06-15,2005-06-28,14.0,heavy rains,Kottayam
UEI-IMD-FL-2005-0076,2005-06-15,2005-06-28,14.0,heavy rains,Palakkad
UEI-IMD-FL-2005-0076,2005-06-15,2005-06-28,14.0,heavy rains,Thiruvananthapuram
UEI-IMD-FL-2005-0077,2005-07-01,2005-07-01,1.0,heavy rains,Kozhikode
UEI-IMD-FL-2005-0078,2005-07-01,2005-07-01,1.0,heavy rains,Kollam
UEI-IMD-FL-2005-0080,2005-07-07,2005-07-07,1.0,heavy rains,Kozhikode
UEI-IMD-FL-2005-0080,2005-07-07,2005-07-07,1.0,heavy rains,Malappuram
UEI-IMD-FL-2005-0080,2005-07-07,2005-07-07,1.0,heavy rains,Wayanad
UEI-IMD-FL-2005-0081,2005-07-20,2005-07-20,1.0,heavy rains,Kozhikode
UEI-IMD-FL-2005-0082,2005-07-22,2005-07-28,7.0,heavy rains,Alappuzha
UEI-IMD-FL-2005-0082,2005-07-22,2005-07-28,7.0,heavy rains,Ernakulam
UEI-IMD-FL-2005-0082,2005-07-22,2005-07-28,7.0,heavy rains,Idukki
UEI-IMD-FL-2005-0082,2005-07-22,2005-07-28,7.0,heavy rains,Kollam
UEI-IMD-FL-2005-0082,2005-07-22,2005-07-28,7.0,heavy rains,Kottayam
UEI-IMD-FL-2005-0082,2005-07-22,2005-07-28,7.0,heavy rains,Thiruvananthapuram
UEI-IMD-FL-2005-0082,2005-07-22,2005-07-28,7.0,heavy rains,Thrissur
UEI-IMD-FL-2005-0082,2005-07-22,2005-07-28,7.0,heavy rains,Wayanad
UEI-IMD-FL-2005-0083,2005-09-07,2005-09-07,1.0,heavy rains,Thiruvananthapuram
UEI-IMD-FL-2005-0084,2005-10-02,2005-10-02,1.0,heavy rains,Wayanad
UEI-IMD-FL-2005-0085,2005-10-07,2005-10-07,1.0,heavy rains,Wayanad
UEI-IMD-FL-2005-0086,2005-10-08,2005-10-14,7.0,heavy rains,Kollam
UEI-IMD-FL-2005-0086,2005-10-08,2005-10-14,7.0,heavy rains,Thiruvananthapuram
UEI-IMD-FL-2005-0086,2005-10-08,2005-10-14,7.0,heavy rains,Wayanad
UEI-IMD-FL-2005-0087,2005-10-22,2005-10-23,2.0,heavy rains,Kannur
UEI-IMD-FL-2005-0087,2005-10-22,2005-10-23,2.0,heavy rains,Wayanad
UEI-IMD-FL-2005-0089,2005-12-08,2005-12-15,8.0,heavy rains,Thiruvananthapuram
UEI-IMD-FL-2006-0046,2006-03-05,2006-03-05,1.0,heavy rains,Wayanad
UEI-IMD-FL-2006-0047,2006-05-23,2006-05-23,1.0,heavy rains,Kozhikode
UEI-IMD-FL-2006-0048,2006-05-27,2006-05-29,3.0,heavy rains,Alappuzha
UEI-IMD-FL-2006-0048,2006-05-27,2006-05-29,3.0,heavy rains,Kannur
UEI-IMD-FL-2006-0048,2006-05-27,2006-05-29,3.0,heavy rains,Kasaragod
UEI-IMD-FL-2006-0048,2006-05-27,2006-05-29,3.0,heavy rains,Kollam
UEI-IMD-FL-2006-0048,2006-05-27,2006-05-29,3.0,heavy rains,Kottayam
UEI-IMD-FL-2006-0048,2006-05-27,2006-05-29,3.0,heavy rains,Kozhikode
UEI-IMD-FL-2006-0048,2006-05-27,2006-05-29,3.0,heavy rains,Malappuram
UEI-IMD-FL-2006-0048,2006-05-27,2006-05-29,3.0,heavy rains,Thiruvananthapuram
UEI-IMD-FL-2006-0048,2006-05-27,2006-05-29,3.0,heavy rains,Thrissur
UEI-IMD-FL-2006-0048,2006-05-27,2006-05-29,3.0,heavy rains,Wayanad
UEI-IMD-FL-2006-0049,2006-06-01,2006-06-01,1.0,heavy rains,Alappuzha
UEI-IMD-FL-2006-0049,2006-06-01,2006-06-01,1.0,heavy rains,Ernakulam
UEI-IMD-FL-2006-0049,2006-06-01,2006-06-01,1.0,heavy rains,Kannur
UEI-IMD-FL-2006-0049,2006-06-01,2006-06-01,1.0,heavy rains,Kollam
UEI-IMD-FL-2006-0049,2006-06-01,2006-06-01,1.0,heavy rains,Kozhikode
UEI-IMD-FL-2006-0049,2006-06-01,2006-06-01,1.0,heavy rains,Palakkad
UEI-IMD-FL-2006-0049,2006-06-01,2006-06-01,1.0,heavy rains,Thrissur
UEI-IMD-FL-2006-0049,2006-06-01,2006-06-01,1.0,heavy rains,Wayanad
UEI-IMD-FL-2006-0050,2006-06-23,2006-06-25,3.0,heavy rains,Alappuzha
UEI-IMD-FL-2006-0050,2006-06-23,2006-06-25,3.0,heavy rains,Kozhikode
UEI-IMD-FL-2006-0050,2006-06-23,2006-06-25,3.0,heavy rains,Malappuram
UEI-IMD-FL-2006-0050,2006-06-23,2006-06-25,3.0,heavy rains,Thiruvananthapuram
UEI-IMD-FL-2006-0051,2006-06-29,2006-06-29,1.0,heavy rains,Malappuram
UEI-IMD-FL-2006-0052,2006-07-01,2006-07-03,3.0,heavy rains,Kannur
UEI-IMD-FL-2006-0052,2006-07-01,2006-07-03,3.0,heavy rains,Wayanad
UEI-IMD-FL-2006-0053,2006-07-04,2006-07-04,1.0,heavy rains,Wayanad
UEI-IMD-FL-2006-0054,2006-07-05,2006-07-06,2.0,heavy rains,Wayanad
UEI-IMD-FL-2006-0055,2006-08-13,2006-08-13,1.0,heavy rains,Wayanad
UEI-IMD-FL-2006-0056,2006-09-22,2006-09-22,1.0,flash flood,Thiruvananthapuram
UEI-IMD-FL-2006-0057,2006-09-25,2006-09-27,3.0,heavy rains,Kollam
UEI-IMD-FL-2006-0057,2006-09-25,2006-09-27,3.0,heavy rains,Kottayam
UEI-IMD-FL-2006-0057,2006-09-25,2006-09-27,3.0,heavy rains,Palakkad
UEI-IMD-FL-2006-0057,2006-09-25,2006-09-27,3.0,heavy rains,Pathanamthitta
UEI-IMD-FL-2006-0057,2006-09-25,2006-09-27,3.0,heavy rains,Thiruvananthapuram
UEI-IMD-FL-2006-0058,2006-10-18,2006-10-18,1.0,heavy rains,Thiruvananthapuram
UEI-IMD-FL-2006-0059,2006-10-28,2006-10-29,2.0,heavy rains,Thiruvananthapuram
UEI-IMD-FL-2006-0060,2006-11-04,2006-11-04,1.0,heavy rains,Wayanad
UEI-IMD-FL-2006-0061,2006-11-08,2006-11-08,1.0,heavy rains,Thiruvananthapuram
UEI-IMD-FL-2006-0062,2006-11-21,2006-11-21,1.0,heavy rains,Thiruvananthapuram
UEI-IMD-FL-2006-0063,2006-11-25,2006-11-25,1.0,heavy rains,Kottayam
UEI-IMD-FL-2007-0077,2007-02-26,2007-02-26,1.0,heavy rains,Kollam
UEI-IMD-FL-2007-0078,2007-04-21,2007-04-21,1.0,moderate flood,Wayanad
UEI-IMD-FL-2007-0079,2007-06-07,2007-06-07,1.0,heavy rains,Wayanad
UEI-IMD-FL-2007-0080,2007-06-10,2007-06-10,1.0,heavy rains,Wayanad
UEI-IMD-FL-2007-0081,2007-06-14,2007-06-14,1.0,heavy rains,Kasaragod
UEI-IMD-FL-2007-0082,2007-06-22,2007-06-28,7.0,heavy rains,Alappuzha
UEI-IMD-FL-2007-0082,2007-06-22,2007-06-28,7.0,heavy rains,Ernakulam
UEI-IMD-FL-2007-0082,2007-06-22,2007-06-28,7.0,heavy rains,Idukki
UEI-IMD-FL-2007-0082,2007-06-22,2007-06-28,7.0,heavy rains,Kannur
UEI-IMD-FL-2007-0082,2007-06-22,2007-06-28,7.0,heavy rains,Kasaragod
UEI-IMD-FL-2007-0082,2007-06-22,2007-06-28,7.0,heavy rains,Kottayam
UEI-IMD-FL-2007-0082,2007-06-22,2007-06-28,7.0,heavy rains,Kozhikode
UEI-IMD-FL-2007-0082,2007-06-22,2007-06-28,7.0,heavy rains,Malappuram
UEI-IMD-FL-2007-0082,2007-06-22,2007-06-28,7.0,heavy rains,Palakkad
UEI-IMD-FL-2007-0082,2007-06-22,2007-06-28,7.0,heavy rains,Pathanamthitta
UEI-IMD-FL-2007-0082,2007-06-22,2007-06-28,7.0,heavy rains,Thrissur
UEI-IMD-FL-2007-0082,2007-06-22,2007-06-28,7.0,heavy rains,Thiruvananthapuram
UEI-IMD-FL-2007-0082,2007-06-22,2007-06-28,7.0,heavy rains,Wayanad
UEI-IMD-FL-2007-0083,2007-06-28,2007-06-29,2.0,heavy rains,Wayanad
UEI-IMD-FL-2007-0084,2007-07-01,2007-07-01,1.0,heavy rains,Idukki
UEI-IMD-FL-2007-0085,2007-07-02,2007-07-02,1.0,heavy rains,Ernakulam
UEI-IMD-FL-2007-0085,2007-07-02,2007-07-02,1.0,heavy rains,Idukki
UEI-IMD-FL-2007-0085,2007-07-02,2007-07-02,1.0,heavy rains,Kollam
UEI-IMD-FL-2007-0085,2007-07-02,2007-07-02,1.0,heavy rains,Wayanad
UEI-IMD-FL-2007-0086,2007-07-04,2007-07-05,2.0,heavy rains,Wayanad
UEI-IMD-FL-2007-0087,2007-07-14,2007-07-18,5.0,heavy rains,Alappuzha
UEI-IMD-FL-2007-0087,2007-07-14,2007-07-18,5.0,heavy rains,Idukki
UEI-IMD-FL-2007-0087,2007-07-14,2007-07-18,5.0,heavy rains,Kannur
UEI-IMD-FL-2007-0087,2007-07-14,2007-07-18,5.0,heavy rains,Kottayam
UEI-IMD-FL-2007-0087,2007-07-14,2007-07-18,5.0,heavy rains,Kozhikode
UEI-IMD-FL-2007-0087,2007-07-14,2007-07-18,5.0,heavy rains,Malappuram
UEI-IMD-FL-2007-0087,2007-07-14,2007-07-18,5.0,heavy rains,Pathanamthitta
UEI-IMD-FL-2007-0087,2007-07-14,2007-07-18,5.0,heavy rains,Thiruvananthapuram
UEI-IMD-FL-2007-0087,2007-07-14,2007-07-18,5.0,heavy rains,Wayanad
UEI-IMD-FL-2007-0088,2007-07-26,2007-07-28,3.0,heavy rains,Wayanad
UEI-IMD-FL-2007-0089,2007-09-09,2007-09-09,1.0,heavy rains,Thiruvananthapuram
UEI-IMD-FL-2007-0090,2007-10-21,2007-10-21,1.0,heavy rains,Thiruvananthapuram
UEI-IMD-FL-2007-0091,2007-11-03,2007-11-09,7.0,heavy rains,Alappuzha
UEI-IMD-FL-2007-0091,2007-11-03,2007-11-09,7.0,heavy rains,Malappuram
UEI-IMD-FL-2007-0091,2007-11-03,2007-11-09,7.0,heavy rains,Pathanamthitta
UEI-IMD-FL-2007-0091,2007-11-03,2007-11-09,7.0,heavy rains,Thiruvananthapuram
UEI-IMD-FL-2007-0091,2007-11-03,2007-11-09,7.0,heavy rains,Wayanad
UEI-IMD-FL-2008-0062,2008-03-13,2008-03-24,12.0,heavy rains,Alappuzha
UEI-IMD-FL-2008-0062,2008-03-13,2008-03-24,12.0,heavy rains,Kasaragod
UEI-IMD-FL-2008-0062,2008-03-13,2008-03-24,12.0,heavy rains,Kollam
UEI-IMD-FL-2008-0062,2008-03-13,2008-03-24,12.0,heavy rains,Kottayam
UEI-IMD-FL-2008-0062,2008-03-13,2008-03-24,12.0,heavy rains,Kozhikode
UEI-IMD-FL-2008-0062,2008-03-13,2008-03-24,12.0,heavy rains,Malappuram
UEI-IMD-FL-2008-0062,2008-03-13,2008-03-24,12.0,heavy rains,Palakkad
UEI-IMD-FL-2008-0062,2008-03-13,2008-03-24,12.0,heavy rains,Pathanamthitta
UEI-IMD-FL-2008-0062,2008-03-13,2008-03-24,12.0,heavy rains,Thiruvananthapuram
UEI-IMD-FL-2008-0062,2008-03-13,2008-03-24,12.0,heavy rains,Thrissur
UEI-IMD-FL-2008-0062,2008-03-13,2008-03-24,12.0,heavy rains,Wayanad
UEI-IMD-FL-2008-0063,2008-04-08,2008-04-11,4.0,heavy rains,Thiruvananthapuram
UEI-IMD-FL-2008-0064,2008-04-23,2008-04-25,3.0,heavy rains,Wayanad
UEI-IMD-FL-2008-0065,2008-07-11,2008-07-15,5.0,heavy rains,Thiruvananthapuram
UEI-IMD-FL-2008-0066,2008-07-28,2008-07-30,3.0,heavy rains,Alappuzha
UEI-IMD-FL-2008-0066,2008-07-28,2008-07-30,3.0,heavy rains,Idukki
UEI-IMD-FL-2008-0066,2008-07-28,2008-07-30,3.0,heavy rains,Kollam
UEI-IMD-FL-2008-0066,2008-07-28,2008-07-30,3.0,heavy rains,Kottayam
UEI-IMD-FL-2008-0066,2008-07-28,2008-07-30,3.0,heavy rains,Palakkad
UEI-IMD-FL-2008-0066,2008-07-28,2008-07-30,3.0,heavy rains,Pathanamthitta
UEI-IMD-FL-2008-0066,2008-07-28,2008-07-30,3.0,heavy rains,Thiruvananthapuram
UEI-IMD-FL-2008-0066,2008-07-28,2008-07-30,3.0,heavy rains,Wayanad
UEI-IMD-FL-2008-0067,2008-08-10,2008-08-12,3.0,heavy rains,Palakkad
UEI-IMD-FL-2008-0067,2008-08-10,2008-08-12,3.0,heavy rains,Wayanad
UEI-IMD-FL-2008-0068,2008-08-31,2008-08-31,1.0,heavy rains,Thiruvananthapuram
UEI-IMD-FL-2008-0069,2008-09-01,2008-09-05,5.0,heavy rains,Malappuram
UEI-IMD-FL-2008-0069,2008-09-01,2008-09-05,5.0,heavy rains,Pathanamthitta
UEI-IMD-FL-2008-0069,2008-09-01,2008-09-05,5.0,heavy rains,Thiruvananthapuram
UEI-IMD-FL-2008-0070,2008-09-07,2008-09-08,2.0,flash flood,Idukki
UEI-IMD-FL-2008-0070,2008-09-07,2008-09-08,2.0,flash flood,Kasaragod
UEI-IMD-FL-2008-0070,2008-09-07,2008-09-08,2.0,flash flood,Kottayam
UEI-IMD-FL-2008-0071,2008-10-19,2008-10-27,9.0,heavy rains,Alappuzha
UEI-IMD-FL-2008-0071,2008-10-19,2008-10-27,9.0,heavy rains,Kottayam
UEI-IMD-FL-2008-0071,2008-10-19,2008-10-27,9.0,heavy rains,Kozhikode
UEI-IMD-FL-2008-0071,2008-10-19,2008-10-27,9.0,heavy rains,Malappuram
UEI-IMD-FL-2008-0071,2008-10-19,2008-10-27,9.0,heavy rains,Palakkad
UEI-IMD-FL-2008-0071,2008-10-19,2008-10-27,9.0,heavy rains,Thiruvananthapuram
UEI-IMD-FL-2008-0071,2008-10-19,2008-10-27,9.0,heavy rains,Thrissur
UEI-IMD-FL-2008-0071,2008-10-19,2008-10-27,9.0,heavy rains,Wayanad
UEI-IMD-FL-2009-0034,2009-05-26,2009-05-26,1.0,heavy rains,Alappuzha
UEI-IMD-FL-2009-0034,2009-05-26,2009-05-26,1.0,heavy rains,Kollam
UEI-IMD-FL-2009-0034,2009-05-26,2009-05-26,1.0,heavy rains,Kottayam
UEI-IMD-FL-2009-0034,2009-05-26,2009-05-26,1.0,heavy rains,Thiruvananthapuram
UEI-IMD-FL-2009-0035,2009-07-05,2009-07-05,1.0,heavy rains,Kozhikode
UEI-IMD-FL-2009-0035,2009-07-05,2009-07-05,1.0,heavy rains,Thrissur
UEI-IMD-FL-2009-0035,2009-07-05,2009-07-05,1.0,heavy rains,Wayanad
UEI-IMD-FL-2009-0036,2009-07-11,2009-07-12,2.0,heavy rains,Wayanad
UEI-IMD-FL-2009-0037,2009-07-15,2009-07-18,4.0,heavy rains,Alappuzha
UEI-IMD-FL-2009-0037,2009-07-15,2009-07-18,4.0,heavy rains,Ernakulam
UEI-IMD-FL-2009-0037,2009-07-15,2009-07-18,4.0,heavy rains,Idukki
UEI-IMD-FL-2009-0037,2009-07-15,2009-07-18,4.0,heavy rains,Kannur
UEI-IMD-FL-2009-0037,2009-07-15,2009-07-18,4.0,heavy rains,Kasaragod
UEI-IMD-FL-2009-0037,2009-07-15,2009-07-18,4.0,heavy rains,Kollam
UEI-IMD-FL-2009-0037,2009-07-15,2009-07-18,4.0,heavy rains,Kozhikode
UEI-IMD-FL-2009-0037,2009-07-15,2009-07-18,4.0,heavy rains,Pathanamthitta
UEI-IMD-FL-2009-0037,2009-07-15,2009-07-18,4.0,heavy rains,Thrissur
UEI-IMD-FL-2009-0037,2009-07-15,2009-07-18,4.0,heavy rains,Thiruvananthapuram
UEI-IMD-FL-2009-0038,2009-07-20,2009-07-22,3.0,heavy rains,Wayanad
UEI-IMD-FL-2009-0039,2009-09-18,2009-09-18,1.0,heavy rains,Kottayam
UEI-IMD-FL-2009-0040,2009-10-03,2009-10-03,1.0,heavy rains,Alappuzha
UEI-IMD-FL-2009-0040,2009-10-03,2009-10-03,1.0,heavy rains,Ernakulam
UEI-IMD-FL-2009-0040,2009-10-03,2009-10-03,1.0,heavy rains,Kollam
UEI-IMD-FL-2009-0040,2009-10-03,2009-10-03,1.0,heavy rains,Kozhikode
UEI-IMD-FL-2009-0040,2009-10-03,2009-10-03,1.0,heavy rains,Malappuram
UEI-IMD-FL-2009-0040,2009-10-03,2009-10-03,1.0,heavy rains,Pathanamthitta
UEI-IMD-FL-2009-0040,2009-10-03,2009-10-03,1.0,heavy rains,Thrissur
UEI-IMD-FL-2009-0040,2009-10-03,2009-10-03,1.0,heavy rains,Thiruvananthapuram
UEI-IMD-FL-2009-0041,2009-11-07,2009-11-08,2.0,heavy rains,Idukki
UEI-IMD-FL-2009-0041,2009-11-07,2009-11-08,2.0,heavy rains,Palakkad
UEI-IMD-FL-2009-0041,2009-11-07,2009-11-08,2.0,heavy rains,Thiruvananthapuram
UEI-IMD-FL-2009-0042,2009-12-27,2009-12-29,3.0,heavy rains,Wayanad
UEI-IMD-FL-2010-0064,2010-05-03,2010-05-03,1.0,heavy rains,Wayanad
UEI-IMD-FL-2010-0065,2010-05-29,2010-05-29,1.0,heavy rains,Kozhikode
UEI-IMD-FL-2010-0066,2010-06-08,2010-06-08,1.0,heavy rains,Idukki
UEI-IMD-FL-2010-0067,2010-06-11,2010-06-15,5.0,heavy rains,Alappuzha
UEI-IMD-FL-2010-0067,2010-06-11,2010-06-15,5.0,heavy rains,Ernakulam
UEI-IMD-FL-2010-0067,2010-06-11,2010-06-15,5.0,heavy rains,Idukki
UEI-IMD-FL-2010-0067,2010-06-11,2010-06-15,5.0,heavy rains,Kasaragod
UEI-IMD-FL-2010-0067,2010-06-11,2010-06-15,5.0,heavy rains,Kottayam
UEI-IMD-FL-2010-0067,2010-06-11,2010-06-15,5.0,heavy rains,Kozhikode
UEI-IMD-FL-2010-0067,2010-06-11,2010-06-15,5.0,heavy rains,Malappuram
UEI-IMD-FL-2010-0067,2010-06-11,2010-06-15,5.0,heavy rains,Palakkad
UEI-IMD-FL-2010-0067,2010-06-11,2010-06-15,5.0,heavy rains,Pathanamthitta
UEI-IMD-FL-2010-0067,2010-06-11,2010-06-15,5.0,heavy rains,Thrissur
UEI-IMD-FL-2010-0067,2010-06-11,2010-06-15,5.0,heavy rains,Thiruvananthapuram
UEI-IMD-FL-2010-0067,2010-06-11,2010-06-15,5.0,heavy rains,Wayanad
UEI-IMD-FL-2010-0068,2010-07-19,2010-07-19,1.0,heavy rains,Thiruvananthapuram
UEI-IMD-FL-2010-0069,2010-09-17,2010-09-19,3.0,heavy rains,Alappuzha
UEI-IMD-FL-2010-0069,2010-09-17,2010-09-19,3.0,heavy rains,Ernakulam
UEI-IMD-FL-2010-0069,2010-09-17,2010-09-19,3.0,heavy rains,Kozhikode
UEI-IMD-FL-2010-0070,2010-09-24,2010-09-24,1.0,heavy rains,Kottayam
UEI-IMD-FL-2010-0071,2010-10-03,2010-10-08,6.0,"flood (karamana, neyyak,vamanapuram)",Alappuzha
UEI-IMD-FL-2010-0071,2010-10-03,2010-10-08,6.0,"flood (karamana, neyyak,vamanapuram)",Malappuram
UEI-IMD-FL-2010-0071,2010-10-03,2010-10-08,6.0,"flood (karamana, neyyak,vamanapuram)",Thrissur
UEI-IMD-FL-2010-0071,2010-10-03,2010-10-08,6.0,"flood (karamana, neyyak,vamanapuram)",Thiruvananthapuram
UEI-IMD-FL-2010-0071,2010-10-03,2010-10-08,6.0,"flood (karamana, neyyak,vamanapuram)",Wayanad
UEI-IMD-FL-2010-0072,2010-10-18,2010-10-18,1.0,heavy rains,Alappuzha
UEI-IMD-FL-2010-0072,2010-10-18,2010-10-18,1.0,heavy rains,Kottayam
UEI-IMD-FL-2010-0072,2010-10-18,2010-10-18,1.0,heavy rains,Pathanamthitta
UEI-IMD-FL-2010-0072,2010-10-18,2010-10-18,1.0,heavy rains,Thiruvananthapuram
UEI-IMD-FL-2010-0072,2010-10-18,2010-10-18,1.0,heavy rains,Thrissur
UEI-IMD-FL-2010-0073,2010-10-22,2010-10-22,1.0,heavy rains,Kannur
UEI-IMD-FL-2010-0073,2010-10-22,2010-10-22,1.0,heavy rains,Kasaragod
UEI-IMD-FL-2010-0073,2010-10-22,2010-10-22,1.0,heavy rains,Kozhikode
UEI-IMD-FL-2010-0073,2010-10-22,2010-10-22,1.0,heavy rains,Malappuram
UEI-IMD-FL-2010-0073,2010-10-22,2010-10-22,1.0,heavy rains,Wayanad
UEI-IMD-FL-2010-0074,2010-10-27,2010-10-29,3.0,heavy rains,Idukki
UEI-IMD-FL-2010-0074,2010-10-27,2010-10-29,3.0,heavy rains,Thiruvananthapuram
UEI-IMD-FL-2010-0075,2010-11-08,2010-11-08,1.0,heavy rains,Thiruvananthapuram
UEI-IMD-FL-2010-0076,2010-11-16,2010-11-16,1.0,heavy rains,Thiruvananthapuram
UEI-IMD-FL-2010-0077,2010-11-20,2010-11-24,5.0,heavy rains,Kozhikode
UEI-IMD-FL-2010-0077,2010-11-20,2010-11-24,5.0,heavy rains,Palakkad
UEI-IMD-FL-2010-0077,2010-11-20,2010-11-24,5.0,heavy rains,Pathanamthitta
UEI-IMD-FL-2010-0077,2010-11-20,2010-11-24,5.0,heavy rains,Thiruvananthapuram
UEI-IMD-FL-2010-0077,2010-11-20,2010-11-24,5.0,heavy rains,Wayanad
UEI-IMD-FL-2010-0078,2010-11-27,2010-11-28,2.0,heavy rains,Pathanamthitta
UEI-IMD-FL-2010-0078,2010-11-27,2010-11-28,2.0,heavy rains,Thiruvananthapuram
UEI-IMD-FL-2010-0079,2010-12-08,2010-12-08,1.0,heavy rains,Thiruvananthapuram
UEI-IMD-FL-2011-0040,2011-04-14,2011-04-14,1.0,heavy rains,Wayanad
UEI-IMD-FL-2011-0041,2011-04-21,2011-04-21,1.0,heavy rains,Wayanad
UEI-IMD-FL-2011-0042,2011-04-25,2011-04-25,1.0,heavy rains,Alappuzha
UEI-IMD-FL-2011-0043,2011-04-28,2011-04-30,3.0,heavy rains,Thiruvananthapuram
UEI-IMD-FL-2011-0044,2011-06-01,2011-06-03,3.0,heavy rains,Alappuzha
UEI-IMD-FL-2011-0044,2011-06-01,2011-06-03,3.0,heavy rains,Idukki
UEI-IMD-FL-2011-0044,2011-06-01,2011-06-03,3.0,heavy rains,Kollam
UEI-IMD-FL-2011-0044,2011-06-01,2011-06-03,3.0,heavy rains,Kottayam
UEI-IMD-FL-2011-0044,2011-06-01,2011-06-03,3.0,heavy rains,Kozhikode
UEI-IMD-FL-2011-0044,2011-06-01,2011-06-03,3.0,heavy rains,Malappuram
UEI-IMD-FL-2011-0044,2011-06-01,2011-06-03,3.0,heavy rains,Pathanamthitta
UEI-IMD-FL-2011-0044,2011-06-01,2011-06-03,3.0,heavy rains,Thrissur
UEI-IMD-FL-2011-0044,2011-06-01,2011-06-03,3.0,heavy rains,Thiruvananthapuram
UEI-IMD-FL-2011-0044,2011-06-01,2011-06-03,3.0,heavy rains,Wayanad
UEI-IMD-FL-2011-0045,2011-06-05,2011-06-08,4.0,heavy rains,Alappuzha
UEI-IMD-FL-2011-0045,2011-06-05,2011-06-08,4.0,heavy rains,Ernakulam
UEI-IMD-FL-2011-0045,2011-06-05,2011-06-08,4.0,heavy rains,Idukki
UEI-IMD-FL-2011-0045,2011-06-05,2011-06-08,4.0,heavy rains,Kottayam
UEI-IMD-FL-2011-0045,2011-06-05,2011-06-08,4.0,heavy rains,Malappuram
UEI-IMD-FL-2011-0045,2011-06-05,2011-06-08,4.0,heavy rains,Pathanamthitta
UEI-IMD-FL-2011-0045,2011-06-05,2011-06-08,4.0,heavy rains,Thiruvananthapuram
UEI-IMD-FL-2011-0045,2011-06-05,2011-06-08,4.0,heavy rains,Thrissur
UEI-IMD-FL-2011-0046,2011-06-17,2011-06-18,2.0,heavy rains,Wayanad
UEI-IMD-FL-2011-0047,2011-06-29,2011-06-29,1.0,heavy rains,Kozhikode
UEI-IMD-FL-2011-0048,2011-07-16,2011-07-20,5.0,heavy rains,Malappuram
UEI-IMD-FL-2011-0048,2011-07-16,2011-07-20,5.0,heavy rains,Kasaragod
UEI-IMD-FL-2011-0048,2011-07-16,2011-07-20,5.0,heavy rains,Kozhikode
UEI-IMD-FL-2011-0048,2011-07-16,2011-07-20,5.0,heavy rains,Wayanad
UEI-IMD-FL-2011-0049,2011-08-06,2011-08-07,2.0,heavy rains,Idukki
UEI-IMD-FL-2011-0049,2011-08-06,2011-08-07,2.0,heavy rains,Kannur
UEI-IMD-FL-2011-0049,2011-08-06,2011-08-07,2.0,heavy rains,Kottayam
UEI-IMD-FL-2011-0049,2011-08-06,2011-08-07,2.0,heavy rains,Pathanamthitta
UEI-IMD-FL-2011-0049,2011-08-06,2011-08-07,2.0,heavy rains,Thiruvananthapuram
UEI-IMD-FL-2011-0050,2011-08-28,2011-09-04,8.0,heavy rains,Kozhikode
UEI-IMD-FL-2011-0050,2011-08-28,2011-09-04,8.0,heavy rains,Malappuram
UEI-IMD-FL-2011-0050,2011-08-28,2011-09-04,8.0,heavy rains,Palakkad
UEI-IMD-FL-2011-0050,2011-08-28,2011-09-04,8.0,heavy rains,Thiruvananthapuram
UEI-IMD-FL-2011-0050,2011-08-28,2011-09-04,8.0,heavy rains,Thrissur
UEI-IMD-FL-2011-0050,2011-08-28,2011-09-04,8.0,heavy rains,Wayanad
UEI-IMD-FL-2011-0051,2011-10-10,2011-10-10,1.0,heavy rains,Wayanad
UEI-IMD-FL-2011-0052,2011-10-14,2011-10-17,4.0,heavy rains,Idukki
UEI-IMD-FL-2011-0052,2011-10-14,2011-10-17,4.0,heavy rains,Wayanad
UEI-IMD-FL-2011-0053,2011-10-21,2011-10-21,1.0,heavy rains,Malappuram
UEI-IMD-FL-2011-0053,2011-10-21,2011-10-21,1.0,heavy rains,Thrissur
UEI-IMD-FL-2011-0054,2011-10-31,2011-11-08,9.0,heavy rains,Kannur
UEI-IMD-FL-2011-0054,2011-10-31,2011-11-08,9.0,heavy rains,Thiruvananthapuram
UEI-IMD-FL-2011-0054,2011-10-31,2011-11-08,9.0,heavy rains,Wayanad
UEI-IMD-FL-2011-0055,2011-11-26,2011-11-27,2.0,heavy rains,Thiruvananthapuram
UEI-IMD-FL-2011-0056,2011-12-31,2011-12-31,1.0,heavy rains,Alappuzha
UEI-IMD-FL-2011-0056,2011-12-31,2011-12-31,1.0,heavy rains,Kollam
UEI-IMD-FL-2011-0056,2011-12-31,2011-12-31,1.0,heavy rains,Thiruvananthapuram
UEI-IMD-FL-2012-0045,2012-04-07,2012-04-07,1.0,heavy rains,Kollam
UEI-IMD-FL-2012-0046,2012-04-09,2012-04-09,1.0,heavy rains,Wayanad
UEI-IMD-FL-2012-0047,2012-04-23,2012-04-23,1.0,heavy rains,Pathanamthitta
UEI-IMD-FL-2012-0048,2012-04-24,2012-04-27,4.0,heavy rains,Thrissur
UEI-IMD-FL-2012-0049,2012-06-06,2012-06-06,1.0,heavy rains,Wayanad
UEI-IMD-FL-2012-0050,2012-06-12,2012-06-12,1.0,heavy rains,Kottayam
UEI-IMD-FL-2012-0051,2012-07-02,2012-07-03,2.0,heavy rains,Thiruvananthapuram
UEI-IMD-FL-2012-0052,2012-07-28,2012-07-28,1.0,heavy rains,Wayanad
UEI-IMD-FL-2012-0053,2012-08-04,2012-08-08,5.0,heavy rains,Kannur
UEI-IMD-FL-2012-0053,2012-08-04,2012-08-08,5.0,heavy rains,Kozhikode
UEI-IMD-FL-2012-0053,2012-08-04,2012-08-08,5.0,heavy rains,Wayanad
UEI-IMD-FL-2012-0054,2012-11-17,2012-11-18,2.0,heavy rains,Ernakulam
UEI-IMD-FL-2012-0054,2012-11-17,2012-11-18,2.0,heavy rains,Idukki
UEI-IMD-FL-2012-0054,2012-11-17,2012-11-18,2.0,heavy rains,Kottayam
UEI-IMD-FL-2012-0054,2012-11-17,2012-11-18,2.0,heavy rains,Pathanamthitta
UEI-IMD-FL-2012-0054,2012-11-17,2012-11-18,2.0,heavy rains,Thiruvananthapuram
UEI-IMD-FL-2012-0055,2012-09-04,2012-09-04,1.0,heavy rains,Kollam
UEI-IMD-FL-2012-0056,2012-11-01,2012-11-01,1.0,heavy rains,Ernakulam
UEI-IMD-FL-2012-0056,2012-11-01,2012-11-01,1.0,heavy rains,Kollam
UEI-IMD-FL-2012-0056,2012-11-01,2012-11-01,1.0,heavy rains,Thiruvananthapuram
UEI-IMD-FL-2012-0057,2012-11-11,2012-11-11,1.0,heavy rains,Thiruvananthapuram
UEI-IMD-FL-2013-0061,2013-03-09,2013-03-09,1.0,heavy rains,Wayanad
UEI-IMD-FL-2013-0062,2013-03-12,2013-03-12,1.0,heavy rains,Kannur
UEI-IMD-FL-2013-0063,2013-03-26,2013-03-26,1.0,heavy rains,Thiruvananthapuram
UEI-IMD-FL-2013-0064,2013-03-29,2013-03-31,3.0,heavy rains,Wayanad
UEI-IMD-FL-2013-0065,2013-04-26,2013-04-28,3.0,heavy rains,Wayanad
UEI-IMD-FL-2013-0066,2013-05-03,2013-05-07,5.0,heavy rains,Wayanad
UEI-IMD-FL-2013-0067,2013-05-05,2013-05-05,1.0,heavy rains,Thiruvananthapuram
UEI-IMD-FL-2013-0068,2013-06-02,2013-06-06,5.0,heavy rains,Thiruvananthapuram
UEI-IMD-FL-2013-0069,2013-06-08,2013-06-08,1.0,heavy rains,Thiruvananthapuram
UEI-IMD-FL-2013-0069,2013-06-08,2013-06-08,1.0,heavy rains,Thrissur
UEI-IMD-FL-2013-0070,2013-06-08,2013-06-16,9.0,heavy rains,Wayanad
UEI-IMD-FL-2013-0071,2013-06-11,2013-06-26,16.0,heavy rains,Thiruvananthapuram
UEI-IMD-FL-2013-0072,2013-06-17,2013-06-17,1.0,heavy rains,Kasaragod
UEI-IMD-FL-2013-0073,2013-06-24,2013-06-27,4.0,heavy rains,Kasaragod
UEI-IMD-FL-2013-0074,2013-06-25,2013-06-29,5.0,heavy rains,Idukki
UEI-IMD-FL-2013-0074,2013-06-25,2013-06-29,5.0,heavy rains,Ernakulam
UEI-IMD-FL-2013-0074,2013-06-25,2013-06-29,5.0,heavy rains,Kollam
UEI-IMD-FL-2013-0074,2013-06-25,2013-06-29,5.0,heavy rains,Kozhikode
UEI-IMD-FL-2013-0074,2013-06-25,2013-06-29,5.0,heavy rains,Palakkad
UEI-IMD-FL-2013-0074,2013-06-25,2013-06-29,5.0,heavy rains,Pathanamthitta
UEI-IMD-FL-2013-0075,2013-06-27,2013-06-29,3.0,heavy rains,Alappuzha
UEI-IMD-FL-2013-0076,2013-07-01,2013-07-04,4.0,heavy rains,Wayanad
UEI-IMD-FL-2013-0077,2013-07-05,2013-07-12,8.0,heavy rains,Idukki
UEI-IMD-FL-2013-0077,2013-07-05,2013-07-12,8.0,heavy rains,Thiruvananthapuram
UEI-IMD-FL-2013-0078,2013-07-11,2013-07-11,1.0,heavy rains,Wayanad
UEI-IMD-FL-2013-0079,2013-07-11,2013-07-13,3.0,heavy rains,Alappuzha
UEI-IMD-FL-2013-0079,2013-07-11,2013-07-13,3.0,heavy rains,Ernakulam
UEI-IMD-FL-2013-0079,2013-07-11,2013-07-13,3.0,heavy rains,Kollam
UEI-IMD-FL-2013-0079,2013-07-11,2013-07-13,3.0,heavy rains,Kottayam
UEI-IMD-FL-2013-0080,2013-07-19,2013-07-26,8.0,heavy rains,Thiruvananthapuram
UEI-IMD-FL-2013-0081,2013-07-23,2013-07-23,1.0,heavy rains,Ernakulam
UEI-IMD-FL-2013-0082,2013-07-29,2013-07-29,1.0,heavy rains,Pathanamthitta
UEI-IMD-FL-2013-0083,2013-08-01,2013-08-02,2.0,heavy rains,Wayanad
UEI-IMD-FL-2013-0084,2013-08-02,2013-08-06,5.0,heavy rains,Thiruvananthapuram
UEI-IMD-FL-2013-0085,2013-08-04,2013-08-08,5.0,heavy rains,Alappuzha
UEI-IMD-FL-2013-0085,2013-08-04,2013-08-08,5.0,heavy rains,Ernakulam
UEI-IMD-FL-2013-0085,2013-08-04,2013-08-08,5.0,heavy rains,Idukki
UEI-IMD-FL-2013-0086,2013-08-10,2013-08-16,7.0,heavy rains,Wayanad
UEI-IMD-FL-2013-0087,2013-09-01,2013-09-01,1.0,heavy rains,Idukki
UEI-IMD-FL-2013-0088,2013-09-12,2013-09-12,1.0,heavy rains,Wayanad
UEI-IMD-FL-2013-0089,2013-09-17,2013-09-17,1.0,heavy rains,Thiruvananthapuram
UEI-IMD-FL-2014-0041,2014-03-07,2014-03-09,3.0,heavy rains,Wayanad
UEI-IMD-FL-2014-0042,2014-03-25,2014-03-25,1.0,heavy rains,Wayanad
UEI-IMD-FL-2014-0043,2014-04-10,2014-04-16,7.0,heavy rains,Alappuzha
UEI-IMD-FL-2014-0043,2014-04-10,2014-04-16,7.0,heavy rains,Kasaragod
UEI-IMD-FL-2014-0043,2014-04-10,2014-04-16,7.0,heavy rains,Kozhikode
UEI-IMD-FL-2014-0043,2014-04-10,2014-04-16,7.0,heavy rains,Thiruvananthapuram
UEI-IMD-FL-2014-0043,2014-04-10,2014-04-16,7.0,heavy rains,Thrissur
UEI-IMD-FL-2014-0043,2014-04-10,2014-04-16,7.0,heavy rains,Wayanad
UEI-IMD-FL-2014-0044,2014-04-19,2014-04-30,12.0,heavy rains,Thiruvananthapuram
UEI-IMD-FL-2014-0044,2014-04-19,2014-04-30,12.0,heavy rains,Wayanad
UEI-IMD-FL-2014-0045,2014-05-03,2014-05-09,7.0,heavy rains,Alappuzha
UEI-IMD-FL-2014-0045,2014-05-03,2014-05-09,7.0,heavy rains,Ernakulam
UEI-IMD-FL-2014-0045,2014-05-03,2014-05-09,7.0,heavy rains,Kozhikode
UEI-IMD-FL-2014-0045,2014-05-03,2014-05-09,7.0,heavy rains,Malappuram
UEI-IMD-FL-2014-0045,2014-05-03,2014-05-09,7.0,heavy rains,Thrissur
UEI-IMD-FL-2014-0045,2014-05-03,2014-05-09,7.0,heavy rains,Thiruvananthapuram
UEI-IMD-FL-2014-0045,2014-05-03,2014-05-09,7.0,heavy rains,Wayanad
UEI-IMD-FL-2014-0046,2014-06-06,2014-06-06,1.0,heavy rains,Wayanad
UEI-IMD-FL-2014-0047,2014-06-12,2014-06-14,3.0,heavy rains,Thiruvananthapuram
UEI-IMD-FL-2014-0048,2014-06-21,2014-06-21,1.0,heavy rains,Idukki
UEI-IMD-FL-2014-0049,2014-07-12,2014-07-15,4.0,heavy rains,Kannur
UEI-IMD-FL-2014-0049,2014-07-12,2014-07-15,4.0,heavy rains,Kasaragod
UEI-IMD-FL-2014-0049,2014-07-12,2014-07-15,4.0,heavy rains,Kozhikode
UEI-IMD-FL-2014-0049,2014-07-12,2014-07-15,4.0,heavy rains,Malappuram
UEI-IMD-FL-2014-0049,2014-07-12,2014-07-15,4.0,heavy rains,Wayanad
UEI-IMD-FL-2014-0050,2014-08-01,2014-08-07,7.0,heavy rains,Alappuzha
UEI-IMD-FL-2014-0050,2014-08-01,2014-08-07,7.0,heavy rains,Kannur
UEI-IMD-FL-2014-0050,2014-08-01,2014-08-07,7.0,heavy rains,Kasaragod
UEI-IMD-FL-2014-0050,2014-08-01,2014-08-07,7.0,heavy rains,Kozhikode
UEI-IMD-FL-2014-0050,2014-08-01,2014-08-07,7.0,heavy rains,Kottayam
UEI-IMD-FL-2014-0050,2014-08-01,2014-08-07,7.0,heavy rains,Malappuram
UEI-IMD-FL-2014-0050,2014-08-01,2014-08-07,7.0,heavy rains,Palakkad
UEI-IMD-FL-2014-0050,2014-08-01,2014-08-07,7.0,heavy rains,Pathanamthitta
UEI-IMD-FL-2014-0050,2014-08-01,2014-08-07,7.0,heavy rains,Thrissur
UEI-IMD-FL-2014-0050,2014-08-01,2014-08-07,7.0,heavy rains,Thiruvananthapuram
UEI-IMD-FL-2014-0050,2014-08-01,2014-08-07,7.0,heavy rains,Wayanad
UEI-IMD-FL-2014-0051,2014-08-22,2014-08-24,3.0,heavy rains,Kottayam
UEI-IMD-FL-2014-0051,2014-08-22,2014-08-24,3.0,heavy rains,Pathanamthitta
UEI-IMD-FL-2014-0051,2014-08-22,2014-08-24,3.0,heavy rains,Thiruvananthapuram
UEI-IMD-FL-2014-0051,2014-08-22,2014-08-24,3.0,heavy rains,Wayanad
UEI-IMD-FL-2014-0052,2014-09-01,2014-09-03,3.0,heavy rains,Thiruvananthapuram
UEI-IMD-FL-2014-0053,2014-09-26,2014-09-26,1.0,heavy rains,Thiruvananthapuram
UEI-IMD-FL-2015-0044,2015-03-03,2015-03-09,7.0,heavy rains,Alappuzha
UEI-IMD-FL-2015-0044,2015-03-03,2015-03-09,7.0,heavy rains,Ernakulam
UEI-IMD-FL-2015-0044,2015-03-03,2015-03-09,7.0,heavy rains,Kottayam
UEI-IMD-FL-2015-0044,2015-03-03,2015-03-09,7.0,heavy rains,Malappuram
UEI-IMD-FL-2015-0044,2015-03-03,2015-03-09,7.0,heavy rains,Thrissur
UEI-IMD-FL-2015-0044,2015-03-03,2015-03-09,7.0,heavy rains,Pathanamthitta
UEI-IMD-FL-2015-0045,2015-03-13,2015-03-17,5.0,heavy rains,Alappuzha
UEI-IMD-FL-2015-0045,2015-03-13,2015-03-17,5.0,heavy rains,Kottayam
UEI-IMD-FL-2015-0045,2015-03-13,2015-03-17,5.0,heavy rains,Thrissur
UEI-IMD-FL-2015-0045,2015-03-13,2015-03-17,5.0,heavy rains,Thiruvananthapuram
UEI-IMD-FL-2015-0046,2015-03-27,2015-03-31,5.0,heavy rains,Alappuzha
UEI-IMD-FL-2015-0046,2015-03-27,2015-03-31,5.0,heavy rains,Pathanamthitta
UEI-IMD-FL-2015-0047,2015-04-06,2015-04-10,5.0,heavy rains,Alappuzha
UEI-IMD-FL-2015-0047,2015-04-06,2015-04-10,5.0,heavy rains,Ernakulam
UEI-IMD-FL-2015-0047,2015-04-06,2015-04-10,5.0,heavy rains,Palakkad
UEI-IMD-FL-2015-0047,2015-04-06,2015-04-10,5.0,heavy rains,Idukki
UEI-IMD-FL-2015-0047,2015-04-06,2015-04-10,5.0,heavy rains,Kollam
UEI-IMD-FL-2015-0048,2015-04-11,2015-04-16,6.0,heavy rains,Ernakulam
UEI-IMD-FL-2015-0048,2015-04-11,2015-04-16,6.0,heavy rains,Idukki
UEI-IMD-FL-2015-0048,2015-04-11,2015-04-16,6.0,heavy rains,Kollam
UEI-IMD-FL-2015-0048,2015-04-11,2015-04-16,6.0,heavy rains,Kozhikode
UEI-IMD-FL-2015-0048,2015-04-11,2015-04-16,6.0,heavy rains,Malappuram
UEI-IMD-FL-2015-0048,2015-04-11,2015-04-16,6.0,heavy rains,Pathanamthitta
UEI-IMD-FL-2015-0048,2015-04-11,2015-04-16,6.0,heavy rains,Thiruvananthapuram
UEI-IMD-FL-2015-0048,2015-04-11,2015-04-16,6.0,heavy rains,Wayanad
UEI-IMD-FL-2015-0049,2015-04-19,2015-04-25,7.0,,Alappuzha
UEI-IMD-FL-2015-0049,2015-04-19,2015-04-25,7.0,,Idukki
UEI-IMD-FL-2015-0049,2015-04-19,2015-04-25,7.0,,Kasaragod
UEI-IMD-FL-2015-0049,2015-04-19,2015-04-25,7.0,,Kannur
UEI-IMD-FL-2015-0049,2015-04-19,2015-04-25,7.0,,Malappuram
UEI-IMD-FL-2015-0049,2015-04-19,2015-04-25,7.0,,Palakkad
UEI-IMD-FL-2015-0049,2015-04-19,2015-04-25,7.0,,Pathanamthitta
UEI-IMD-FL-2015-0049,2015-04-19,2015-04-25,7.0,,Thiruvananthapuram
UEI-IMD-FL-2015-0050,2015-04-26,2015-04-30,5.0,,Alappuzha
UEI-IMD-FL-2015-0050,2015-04-26,2015-04-30,5.0,,Ernakulam
UEI-IMD-FL-2015-0050,2015-04-26,2015-04-30,5.0,,Kannur
UEI-IMD-FL-2015-0050,2015-04-26,2015-04-30,5.0,,Kottayam
UEI-IMD-FL-2015-0050,2015-04-26,2015-04-30,5.0,,Malappuram
UEI-IMD-FL-2015-0050,2015-04-26,2015-04-30,5.0,,Pathanamthitta
UEI-IMD-FL-2015-0050,2015-04-26,2015-04-30,5.0,,Thiruvananthapuram
UEI-IMD-FL-2015-0050,2015-04-26,2015-04-30,5.0,,Wayanad
UEI-IMD-FL-2015-0051,2015-05-03,2015-05-05,3.0,heavy rains,Ernakulam
UEI-IMD-FL-2015-0051,2015-05-03,2015-05-05,3.0,heavy rains,Idukki
UEI-IMD-FL-2015-0051,2015-05-03,2015-05-05,3.0,heavy rains,Kannur
UEI-IMD-FL-2015-0051,2015-05-03,2015-05-05,3.0,heavy rains,Palakkad
UEI-IMD-FL-2015-0051,2015-05-03,2015-05-05,3.0,heavy rains,Thrissur
UEI-IMD-FL-2015-0051,2015-05-03,2015-05-05,3.0,heavy rains,Thiruvananthapuram
UEI-IMD-FL-2015-0052,2015-05-07,2015-05-09,3.0,heavy rains,Kottayam
UEI-IMD-FL-2015-0052,2015-05-07,2015-05-09,3.0,heavy rains,Palakkad
UEI-IMD-FL-2015-0052,2015-05-07,2015-05-09,3.0,heavy rains,Thrissur
UEI-IMD-FL-2015-0053,2015-05-10,2015-05-14,5.0,heavy rains,Ernakulam
UEI-IMD-FL-2015-0053,2015-05-10,2015-05-14,5.0,heavy rains,Idukki
UEI-IMD-FL-2015-0053,2015-05-10,2015-05-14,5.0,heavy rains,Kannur
UEI-IMD-FL-2015-0053,2015-05-10,2015-05-14,5.0,heavy rains,Kasaragod
UEI-IMD-FL-2015-0053,2015-05-10,2015-05-14,5.0,heavy rains,Kollam
UEI-IMD-FL-2015-0053,2015-05-10,2015-05-14,5.0,heavy rains,Kozhikode
UEI-IMD-FL-2015-0053,2015-05-10,2015-05-14,5.0,heavy rains,Malappuram
UEI-IMD-FL-2015-0053,2015-05-10,2015-05-14,5.0,heavy rains,Palakkad
UEI-IMD-FL-2015-0053,2015-05-10,2015-05-14,5.0,heavy rains,Thrissur
UEI-IMD-FL-2015-0053,2015-05-10,2015-05-14,5.0,heavy rains,Wayanad
UEI-IMD-FL-2015-0054,2015-05-15,2015-05-28,14.0,heavy rains,Kasaragod
UEI-IMD-FL-2015-0054,2015-05-15,2015-05-28,14.0,heavy rains,Kollam
UEI-IMD-FL-2015-0054,2015-05-15,2015-05-28,14.0,heavy rains,Thiruvananthapuram
UEI-IMD-FL-2015-0055,2015-06-08,2015-06-16,9.0,,Alappuzha
UEI-IMD-FL-2015-0055,2015-06-08,2015-06-16,9.0,,Kannur
UEI-IMD-FL-2015-0055,2015-06-08,2015-06-16,9.0,,Kollam
UEI-IMD-FL-2015-0055,2015-06-08,2015-06-16,9.0,,Thrissur
UEI-IMD-FL-2015-0055,2015-06-08,2015-06-16,9.0,,Thiruvananthapuram
UEI-IMD-FL-2015-0056,2015-06-19,2015-06-29,11.0,heavy rains,Alappuzha
UEI-IMD-FL-2015-0056,2015-06-19,2015-06-29,11.0,heavy rains,Ernakulam
UEI-IMD-FL-2015-0056,2015-06-19,2015-06-29,11.0,heavy rains,Idukki
UEI-IMD-FL-2015-0056,2015-06-19,2015-06-29,11.0,heavy rains,Kasaragod
UEI-IMD-FL-2015-0056,2015-06-19,2015-06-29,11.0,heavy rains,Kottayam
UEI-IMD-FL-2015-0056,2015-06-19,2015-06-29,11.0,heavy rains,Palakkad
UEI-IMD-FL-2015-0056,2015-06-19,2015-06-29,11.0,heavy rains,Pathanamthitta
UEI-IMD-FL-2015-0056,2015-06-19,2015-06-29,11.0,heavy rains,Thrissur
UEI-IMD-FL-2015-0056,2015-06-19,2015-06-29,11.0,heavy rains,Thiruvananthapuram
UEI-IMD-FL-2015-0056,2015-06-19,2015-06-29,11.0,heavy rains,Wayanad
UEI-IMD-FL-2015-0057,2015-07-18,2015-07-20,3.0,heavy rains,Kannur
UEI-IMD-FL-2015-0058,2015-08-12,2015-08-12,1.0,heavy rains,Kannur
UEI-IMD-FL-2015-0059,2015-09-05,2015-09-06,2.0,heavy rains,Pathanamthitta
UEI-IMD-FL-2015-0059,2015-09-05,2015-09-06,2.0,heavy rains,Thiruvananthapuram
UEI-IMD-FL-2015-0060,2015-09-27,2015-09-28,2.0,heavy rains,Kannur
UEI-IMD-FL-2015-0060,2015-09-27,2015-09-28,2.0,heavy rains,Wayanad
UEI-IMD-FL-2015-0061,2015-10-08,2015-10-09,2.0,heavy rains,Thiruvananthapuram
UEI-IMD-FL-2015-0062,2015-10-30,2015-10-31,2.0,heavy rains,Thiruvananthapuram
UEI-IMD-FL-2015-0063,2015-11-01,2015-11-21,21.0,heavy rains,Ernakulam
UEI-IMD-FL-2015-0063,2015-11-01,2015-11-21,21.0,heavy rains,Malappuram
UEI-IMD-FL-2015-0063,2015-11-01,2015-11-21,21.0,heavy rains,Pathanamthitta
UEI-IMD-FL-2015-0063,2015-11-01,2015-11-21,21.0,heavy rains,Thiruvananthapuram
UEI-IMD-FL-2015-0064,2015-12-08,2015-12-19,12.0,heavy rains,Alappuzha
UEI-IMD-FL-2015-0064,2015-12-08,2015-12-19,12.0,heavy rains,Thiruvananthapuram
UEI-IMD-FL-2016-0076,2016-04-14,2016-04-14,1.0,heavy rains,Kannur
UEI-IMD-FL-2016-0077,2016-05-31,2016-05-31,1.0,heavy rains,Kozhikode
UEI-IMD-FL-2016-0078,2016-06-07,2016-06-09,3.0,"heavy rains, flood & landslides",Idukki
UEI-IMD-FL-2016-0078,2016-06-07,2016-06-09,3.0,"heavy rains, flood & landslides",Kottayam
UEI-IMD-FL-2016-0078,2016-06-07,2016-06-09,3.0,"heavy rains, flood & landslides",Thiruvananthapuram
UEI-IMD-FL-2016-0078,2016-06-07,2016-06-09,3.0,"heavy rains, flood & landslides",Wayanad
UEI-IMD-FL-2016-0079,2016-06-10,2016-06-13,4.0,heavy rain,Idukki
UEI-IMD-FL-2016-0079,2016-06-10,2016-06-13,4.0,heavy rain,Kannur
UEI-IMD-FL-2016-0079,2016-06-10,2016-06-13,4.0,heavy rain,Kollam
UEI-IMD-FL-2016-0079,2016-06-10,2016-06-13,4.0,heavy rain,Pathanamthitta
UEI-IMD-FL-2016-0079,2016-06-10,2016-06-13,4.0,heavy rain,Thiruvananthapuram
UEI-IMD-FL-2016-0079,2016-06-10,2016-06-13,4.0,heavy rain,Wayanad
UEI-IMD-FL-2016-0080,2016-06-16,2016-06-19,4.0,heavy rain,Alappuzha
UEI-IMD-FL-2016-0080,2016-06-16,2016-06-19,4.0,heavy rain,Ernakulam
UEI-IMD-FL-2016-0080,2016-06-16,2016-06-19,4.0,heavy rain,Idukki
UEI-IMD-FL-2016-0080,2016-06-16,2016-06-19,4.0,heavy rain,Kollam
UEI-IMD-FL-2016-0080,2016-06-16,2016-06-19,4.0,heavy rain,Kottayam
UEI-IMD-FL-2016-0080,2016-06-16,2016-06-19,4.0,heavy rain,Malappuram
UEI-IMD-FL-2016-0080,2016-06-16,2016-06-19,4.0,heavy rain,Thrissur
UEI-IMD-FL-2016-0080,2016-06-16,2016-06-19,4.0,heavy rain,Thiruvananthapuram
UEI-IMD-FL-2016-0080,2016-06-16,2016-06-19,4.0,heavy rain,Wayanad
UEI-IMD-FL-2016-0081,2016-06-26,2016-06-29,4.0,heavy rain,Kasaragod
UEI-IMD-FL-2016-0081,2016-06-26,2016-06-29,4.0,heavy rain,Malappuram
UEI-IMD-FL-2016-0081,2016-06-26,2016-06-29,4.0,heavy rain,Wayanad
UEI-IMD-FL-2016-0082,2016-07-02,2016-07-02,1.0,heavy rain,Wayanad
UEI-IMD-FL-2016-0083,2016-07-10,2016-07-15,6.0,heavy rain,Idukki
UEI-IMD-FL-2016-0083,2016-07-10,2016-07-15,6.0,heavy rain,Kasaragod
UEI-IMD-FL-2016-0083,2016-07-10,2016-07-15,6.0,heavy rain,Wayanad
UEI-IMD-FL-2016-0084,2016-09-18,2016-09-18,1.0,heavy rain,Kozhikode
UEI-IMD-FL-2017-0065,2017-03-15,2017-03-16,2.0,Heavy Rains,Alappuzha
UEI-IMD-FL-2017-0066,2017-03-06,2017-03-06,1.0,Heavy Rains,Thiruvananthapuram
UEI-IMD-FL-2017-0067,2017-05-06,2017-05-06,1.0,Landslide,Thiruvananthapuram
UEI-IMD-FL-2017-0068,2017-04-08,2017-04-08,1.0,Heavy Rains,Pathanamthitta
UEI-IMD-FL-2017-0069,2017-06-08,2017-06-08,2.0,Heavy Rains,Idukki
UEI-IMD-FL-2017-0070,2017-08-28,2017-08-28,1.0,Heavy Rains,Wayanad
UEI-IMD-FL-2017-0071,2017-05-09,2017-07-09,3.0,Heavy Rains,Thiruvananthapuram
UEI-IMD-FL-2017-0071,2017-05-09,2017-07-09,3.0,Heavy Rains,Wayanad
UEI-IMD-FL-2017-0072,2017-08-09,2017-10-09,3.0,Heavy Rains,Idukki
UEI-IMD-FL-2017-0072,2017-08-09,2017-10-09,3.0,Heavy Rains,Kozhikode
UEI-IMD-FL-2017-0072,2017-08-09,2017-10-09,3.0,Heavy Rains,Thiruvananthapuram
UEI-IMD-FL-2017-0073,2017-09-17,2017-09-17,1.0,Heavy rains & landslide,Idukki
UEI-IMD-FL-2017-0073,2017-09-17,2017-09-17,1.0,Heavy rains & landslide,Kottayam
UEI-IMD-FL-2017-0073,2017-09-17,2017-09-17,1.0,Heavy rains & landslide,Thiruvananthapuram
UEI-IMD-FL-2017-0074,2017-09-18,2017-09-19,2.0,Heavy rains & landslide,Idukki
UEI-IMD-FL-2017-0074,2017-09-18,2017-09-19,2.0,Heavy rains & landslide,Kottayam
UEI-IMD-FL-2017-0074,2017-09-18,2017-09-19,2.0,Heavy rains & landslide,Kozhikode
UEI-IMD-FL-2017-0074,2017-09-18,2017-09-19,2.0,Heavy rains & landslide,Thiruvananthapuram
UEI-IMD-FL-2017-0074,2017-09-18,2017-09-19,2.0,Heavy rains & landslide,Thrissur
UEI-IMD-FL-2017-0074,2017-09-18,2017-09-19,2.0,Heavy rains & landslide,Wayanad
UEI-IMD-FL-2017-0075,2017-10-22,2017-10-22,1.0,Heavy Rains,Thiruvananthapuram
UEI-IMD-FL-2017-0076,2017-02-11,2017-03-11,2.0,Heavy Rains,Thiruvananthapuram
UEI-IMD-FL-2017-0077,2017-05-11,2017-06-11,2.0,Heavy Rains,Kozhikode
UEI-IMD-FL-2017-0077,2017-05-11,2017-06-11,2.0,Heavy Rains,Thiruvananthapuram
UEI-IMD-FL-2018-0030,2018-03-18,2018-03-18,1.0,Heavy rains,Thiruvananthapuram
UEI-IMD-FL-2018-0031,2018-04-22,2018-04-22,1.0,Heavy rains,Wayanad
UEI-IMD-FL-2018-0032,2018-05-13,2018-05-14,2.0,Heavy rains,Thiruvananthapuram
UEI-IMD-FL-2018-0033,2018-05-16,2018-05-17,2.0,Heavy rains,Thiruvananthapuram
UEI-IMD-FL-2018-0034,2018-05-21,2018-05-21,1.0,Heavy rains / Floods,Thiruvananthapuram
UEI-IMD-FL-2018-0035,2018-05-29,2018-07-31,34.0,Heavy rains / Floods,Alappuzha
UEI-IMD-FL-2018-0035,2018-05-29,2018-07-31,34.0,Heavy rains / Floods,Ernakulam
UEI-IMD-FL-2018-0035,2018-05-29,2018-07-31,34.0,Heavy rains / Floods,Idukki
UEI-IMD-FL-2018-0035,2018-05-29,2018-07-31,34.0,Heavy rains / Floods,Kannur
UEI-IMD-FL-2018-0035,2018-05-29,2018-07-31,34.0,Heavy rains / Floods,Kasaragod
UEI-IMD-FL-2018-0035,2018-05-29,2018-07-31,34.0,Heavy rains / Floods,Kollam
UEI-IMD-FL-2018-0035,2018-05-29,2018-07-31,34.0,Heavy rains / Floods,Kottayam
UEI-IMD-FL-2018-0035,2018-05-29,2018-07-31,34.0,Heavy rains / Floods,Kozhikode
UEI-IMD-FL-2018-0035,2018-05-29,2018-07-31,34.0,Heavy rains / Floods,Malappuram
UEI-IMD-FL-2018-0035,2018-05-29,2018-07-31,34.0,Heavy rains / Floods,Palakkad
UEI-IMD-FL-2018-0035,2018-05-29,2018-07-31,34.0,Heavy rains / Floods,Pathanamthitta
UEI-IMD-FL-2018-0035,2018-05-29,2018-07-31,34.0,Heavy rains / Floods,Thrissur
UEI-IMD-FL-2018-0035,2018-05-29,2018-07-31,34.0,Heavy rains / Floods,Thiruvananthapuram
UEI-IMD-FL-2018-0035,2018-05-29,2018-07-31,34.0,Heavy rains / Floods,Wayanad
UEI-IMD-FL-2018-0036,2018-01-08,2018-08-30,30.0,Heavy rains / Floods,Alappuzha
UEI-IMD-FL-2018-0036,2018-01-08,2018-08-30,30.0,Heavy rains / Floods,Ernakulam
UEI-IMD-FL-2018-0036,2018-01-08,2018-08-30,30.0,Heavy rains / Floods,Idukki
UEI-IMD-FL-2018-0036,2018-01-08,2018-08-30,30.0,Heavy rains / Floods,Kannur
UEI-IMD-FL-2018-0036,2018-01-08,2018-08-30,30.0,Heavy rains / Floods,Kasaragod
UEI-IMD-FL-2018-0036,2018-01-08,2018-08-30,30.0,Heavy rains / Floods,Kollam
UEI-IMD-FL-2018-0036,2018-01-08,2018-08-30,30.0,Heavy rains / Floods,Kottayam
UEI-IMD-FL-2018-0036,2018-01-08,2018-08-30,30.0,Heavy rains / Floods,Kozhikode
UEI-IMD-FL-2018-0036,2018-01-08,2018-08-30,30.0,Heavy rains / Floods,Malappuram
UEI-IMD-FL-2018-0036,2018-01-08,2018-08-30,30.0,Heavy rains / Floods,Palakkad
UEI-IMD-FL-2018-0036,2018-01-08,2018-08-30,30.0,Heavy rains / Floods,Pathanamthitta
UEI-IMD-FL-2018-0036,2018-01-08,2018-08-30,30.0,Heavy rains / Floods,Thrissur
UEI-IMD-FL-2018-0036,2018-01-08,2018-08-30,30.0,Heavy rains / Floods,Thiruvananthapuram
UEI-IMD-FL-2018-0036,2018-01-08,2018-08-30,30.0,Heavy rains / Floods,Wayanad
UEI-IMD-FL-2018-0037,2018-10-21,2018-10-21,1.0,Heavy rains,Malappuram
UEI-IMD-FL-2018-0038,2018-11-16,2018-11-16,1.0,Heavy rains,Alappuzha
UEI-IMD-FL-2018-0038,2018-11-16,2018-11-16,1.0,Heavy rains,Idukki
UEI-IMD-FL-2018-0039,2018-11-17,2018-11-17,1.0,Heavy rains,Alappuzha
UEI-IMD-FL-2018-0040,2018-12-28,2018-12-28,1.0,Heavy rains,Wayanad
UEI-IMD-FL-2019-0049,2019-04-19,2019-04-19,1.0,Heavy Rain,Wayanad
UEI-IMD-FL-2019-0050,2019-04-24,2019-04-26,3.0,Heavy Rain,Malappuram
UEI-IMD-FL-2019-0050,2019-04-24,2019-04-26,3.0,Heavy Rain,Thiruvananthapuram
UEI-IMD-FL-2019-0050,2019-04-24,2019-04-26,3.0,Heavy Rain,Wayanad
UEI-IMD-FL-2019-0051,2019-04-28,2019-04-29,2.0,Heavy Rain,Thiruvananthapuram
UEI-IMD-FL-2019-0051,2019-04-28,2019-04-29,2.0,Heavy Rain,Wayanad
UEI-IMD-FL-2019-0052,2019-05-16,2019-05-16,1.0,Heavy Rain,Wayanad
UEI-IMD-FL-2019-0053,2019-05-19,2019-05-19,1.0,Heavy Rain,Wayanad
UEI-IMD-FL-2019-0054,2019-05-24,2019-05-24,1.0,Heavy Rain,Thiruvananthapuram
UEI-IMD-FL-2019-0056,2019-12-06,2019-12-06,1.0,Heavy Rain,Ernakulam
UEI-IMD-FL-2019-0056,2019-12-06,2019-12-06,1.0,Heavy Rain,Malappuram
UEI-IMD-FL-2019-0057,2019-06-14,2019-06-14,1.0,Heavy Rain,Malappuram
UEI-IMD-FL-2019-0057,2019-06-14,2019-06-14,1.0,Heavy Rain,Wayanad
UEI-IMD-FL-2019-0058,2019-06-20,2019-06-20,1.0,Heavy Rain,Kannur
UEI-IMD-FL-2019-0058,2019-06-20,2019-06-20,1.0,Heavy Rain,Kasaragod
UEI-IMD-FL-2019-0059,2019-10-07,2019-10-07,1.0,Landslide,Kottayam
UEI-IMD-FL-2019-0060,2019-07-18,2019-07-20,3.0,Heavy rains,Alappuzha
UEI-IMD-FL-2019-0060,2019-07-18,2019-07-20,3.0,Heavy rains,Ernakulam
UEI-IMD-FL-2019-0060,2019-07-18,2019-07-20,3.0,Heavy rains,Idukki
UEI-IMD-FL-2019-0060,2019-07-18,2019-07-20,3.0,Heavy rains,Kannur
UEI-IMD-FL-2019-0060,2019-07-18,2019-07-20,3.0,Heavy rains,Kasaragod
UEI-IMD-FL-2019-0060,2019-07-18,2019-07-20,3.0,Heavy rains,Kollam
UEI-IMD-FL-2019-0060,2019-07-18,2019-07-20,3.0,Heavy rains,Kottayam
UEI-IMD-FL-2019-0060,2019-07-18,2019-07-20,3.0,Heavy rains,Kozhikode
UEI-IMD-FL-2019-0060,2019-07-18,2019-07-20,3.0,Heavy rains,Pathanamthitta
UEI-IMD-FL-2019-0060,2019-07-18,2019-07-20,3.0,Heavy rains,Thrissur
UEI-IMD-FL-2019-0060,2019-07-18,2019-07-20,3.0,Heavy rains,Thiruvananthapuram
UEI-IMD-FL-2019-0060,2019-07-18,2019-07-20,3.0,Heavy rains,Wayanad
UEI-IMD-FL-2019-0061,2019-07-28,2019-07-28,1.0,Landslip,Idukki
UEI-IMD-FL-2019-0062,2019-04-08,2019-06-08,3.0,Heavy rains & Landslip,Wayanad
UEI-IMD-FL-2019-0063,2019-07-08,2019-07-08,1.0,Heavy rains,Thiruvananthapuram
UEI-IMD-FL-2019-0064,2019-08-08,2019-08-08,1.0,"Heavy rains, Floods (Muvattupuzha & Kabani river) & Landslip",Ernakulam
UEI-IMD-FL-2019-0064,2019-08-08,2019-08-08,1.0,"Heavy rains, Floods (Muvattupuzha & Kabani river) & Landslip",Idukki
UEI-IMD-FL-2019-0064,2019-08-08,2019-08-08,1.0,"Heavy rains, Floods (Muvattupuzha & Kabani river) & Landslip",Kannur
UEI-IMD-FL-2019-0064,2019-08-08,2019-08-08,1.0,"Heavy rains, Floods (Muvattupuzha & Kabani river) & Landslip",Kasaragod
UEI-IMD-FL-2019-0064,2019-08-08,2019-08-08,1.0,"Heavy rains, Floods (Muvattupuzha & Kabani river) & Landslip",Kozhikode
UEI-IMD-FL-2019-0064,2019-08-08,2019-08-08,1.0,"Heavy rains, Floods (Muvattupuzha & Kabani river) & Landslip",Malappuram
UEI-IMD-FL-2019-0064,2019-08-08,2019-08-08,1.0,"Heavy rains, Floods (Muvattupuzha & Kabani river) & Landslip",Palakkad
UEI-IMD-FL-2019-0064,2019-08-08,2019-08-08,1.0,"Heavy rains, Floods (Muvattupuzha & Kabani river) & Landslip",Thiruvananthapuram
UEI-IMD-FL-2019-0064,2019-08-08,2019-08-08,1.0,"Heavy rains, Floods (Muvattupuzha & Kabani river) & Landslip",Thrissur
UEI-IMD-FL-2019-0064,2019-08-08,2019-08-08,1.0,"Heavy rains, Floods (Muvattupuzha & Kabani river) & Landslip",Wayanad
UEI-IMD-FL-2019-0065,2019-09-08,2019-09-08,1.0,Heavy rains & Landslide,Ernakulam
UEI-IMD-FL-2019-0065,2019-09-08,2019-09-08,1.0,Heavy rains & Landslide,Idukki
UEI-IMD-FL-2019-0065,2019-09-08,2019-09-08,1.0,Heavy rains & Landslide,Kannur
UEI-IMD-FL-2019-0065,2019-09-08,2019-09-08,1.0,Heavy rains & Landslide,Malappuram
UEI-IMD-FL-2019-0065,2019-09-08,2019-09-08,1.0,Heavy rains & Landslide,Palakkad
UEI-IMD-FL-2019-0065,2019-09-08,2019-09-08,1.0,Heavy rains & Landslide,Thiruvananthapuram
UEI-IMD-FL-2019-0065,2019-09-08,2019-09-08,1.0,Heavy rains & Landslide,Thrissur
UEI-IMD-FL-2019-0065,2019-09-08,2019-09-08,1.0,Heavy rains & Landslide,Wayanad
UEI-IMD-FL-2019-0066,2019-10-08,2019-10-08,1.0,"Heavy rains, Floods & Landslide",Alappuzha
UEI-IMD-FL-2019-0066,2019-10-08,2019-10-08,1.0,"Heavy rains, Floods & Landslide",Ernakulam
UEI-IMD-FL-2019-0066,2019-10-08,2019-10-08,1.0,"Heavy rains, Floods & Landslide",Idukki
UEI-IMD-FL-2019-0066,2019-10-08,2019-10-08,1.0,"Heavy rains, Floods & Landslide",Kannur
UEI-IMD-FL-2019-0066,2019-10-08,2019-10-08,1.0,"Heavy rains, Floods & Landslide",Kasaragod
UEI-IMD-FL-2019-0066,2019-10-08,2019-10-08,1.0,"Heavy rains, Floods & Landslide",Kollam
UEI-IMD-FL-2019-0066,2019-10-08,2019-10-08,1.0,"Heavy rains, Floods & Landslide",Kottayam
UEI-IMD-FL-2019-0066,2019-10-08,2019-10-08,1.0,"Heavy rains, Floods & Landslide",Kozhikode
UEI-IMD-FL-2019-0066,2019-10-08,2019-10-08,1.0,"Heavy rains, Floods & Landslide",Malappuram
UEI-IMD-FL-2019-0066,2019-10-08,2019-10-08,1.0,"Heavy rains, Floods & Landslide",Palakkad
UEI-IMD-FL-2019-0066,2019-10-08,2019-10-08,1.0,"Heavy rains, Floods & Landslide",Pathanamthitta
UEI-IMD-FL-2019-0066,2019-10-08,2019-10-08,1.0,"Heavy rains, Floods & Landslide",Thiruvananthapuram
UEI-IMD-FL-2019-0066,2019-10-08,2019-10-08,1.0,"Heavy rains, Floods & Landslide",Thrissur
UEI-IMD-FL-2019-0066,2019-10-08,2019-10-08,1.0,"Heavy rains, Floods & Landslide",Wayanad
UEI-IMD-FL-2019-0068,2019-08-19,2019-08-20,2.0,Heavy rains,Alappuzha
UEI-IMD-FL-2019-0068,2019-08-19,2019-08-20,2.0,Heavy rains,Thiruvananthapuram
UEI-IMD-FL-2019-0068,2019-08-19,2019-08-20,2.0,Heavy rains,Wayanad
UEI-IMD-FL-2019-0069,2019-08-22,2019-08-23,2.0,Heavy rains,Wayanad
UEI-IMD-FL-2019-0070,2019-03-09,2019-09-09,2.0,Heavy rains,Wayanad
UEI-IMD-FL-2019-0071,2019-12-09,2019-12-09,1.0,Heavy rains & Landslide,Malappuram
UEI-IMD-FL-2019-0072,2019-09-26,2019-09-26,1.0,Heavy rains,Thiruvananthapuram
UEI-IMD-FL-2019-0073,2019-10-17,2019-10-17,1.0,Heavy rains & Landslide,Thiruvananthapuram
UEI-IMD-FL-2019-0074,2019-10-21,2019-10-21,1.0,Heavy rains & Landslide,Alappuzha
UEI-IMD-FL-2019-0074,2019-10-21,2019-10-21,1.0,Heavy rains & Landslide,Ernakulam
UEI-IMD-FL-2019-0074,2019-10-21,2019-10-21,1.0,Heavy rains & Landslide,Idukki
UEI-IMD-FL-2019-0074,2019-10-21,2019-10-21,1.0,Heavy rains & Landslide,Kannur
UEI-IMD-FL-2019-0074,2019-10-21,2019-10-21,1.0,Heavy rains & Landslide,Kasaragod
UEI-IMD-FL-2019-0074,2019-10-21,2019-10-21,1.0,Heavy rains & Landslide,Kollam
UEI-IMD-FL-2019-0074,2019-10-21,2019-10-21,1.0,Heavy rains & Landslide,Kottayam
UEI-IMD-FL-2019-0074,2019-10-21,2019-10-21,1.0,Heavy rains & Landslide,Kozhikode
UEI-IMD-FL-2019-0074,2019-10-21,2019-10-21,1.0,Heavy rains & Landslide,Malappuram
UEI-IMD-FL-2019-0074,2019-10-21,2019-10-21,1.0,Heavy rains & Landslide,Palakkad
UEI-IMD-FL-2019-0074,2019-10-21,2019-10-21,1.0,Heavy rains & Landslide,Pathanamthitta
UEI-IMD-FL-2019-0074,2019-10-21,2019-10-21,1.0,Heavy rains & Landslide,Thiruvananthapuram
UEI-IMD-FL-2019-0074,2019-10-21,2019-10-21,1.0,Heavy rains & Landslide,Thrissur
UEI-IMD-FL-2019-0074,2019-10-21,2019-10-21,1.0,Heavy rains & Landslide,Wayanad
UEI-IMD-FL-2019-0075,2019-10-22,2019-10-22,1.0,Heavy rains,Thiruvananthapuram
UEI-IMD-FL-2019-0076,2019-10-30,2019-10-31,2.0,Heavy rains,Thiruvananthapuram
UEI-IMD-FL-2019-0077,2019-01-11,2019-02-11,2.0,Heavy rains,Alappuzha
UEI-IMD-FL-2019-0077,2019-01-11,2019-02-11,2.0,Heavy rains,Idukki
UEI-IMD-FL-2019-0077,2019-01-11,2019-02-11,2.0,Heavy rains,Thiruvananthapuram
UEI-IMD-FL-2019-0078,2019-10-11,2019-10-11,1.0,Heavy rains,Wayanad
UEI-IMD-FL-2019-0079,2019-11-11,2019-11-17,2.0,Heavy rains,Thiruvananthapuram
UEI-IMD-FL-2019-0080,2019-11-20,2019-11-20,1.0,Heavy rains,Kannur
UEI-IMD-FL-2019-0080,2019-11-20,2019-11-20,1.0,Heavy rains,Malappuram
UEI-IMD-FL-2019-0080,2019-11-20,2019-11-20,1.0,Heavy rains,Thiruvananthapuram
UEI-IMD-FL-2019-0081,2019-03-12,2019-03-12,1.0,Heavy rains,Wayanad
UEI-IMD-FL-2020-0044,2020-02-01,2020-03-01,2.0,Heavy Rains,Malappuram
UEI-IMD-FL-2020-0044,2020-02-01,2020-03-01,2.0,Heavy Rains,Thiruvananthapuram
UEI-IMD-FL-2020-0045,2020-04-24,2020-04-28,2.0,Heavy Rains,Thiruvananthapuram
UEI-IMD-FL-2020-0046,2020-03-05,2020-03-05,1.0,Heavy Rains,Pathanamthitta
UEI-IMD-FL-2020-0047,2020-07-05,2020-08-05,2.0,Heavy Rains,Thiruvananthapuram
UEI-IMD-FL-2020-0048,2020-05-16,2020-05-18,2.0,Heavy Rains,Thiruvananthapuram
UEI-IMD-FL-2020-0049,2020-05-22,2020-05-22,1.0,"Heavy Rains & Floods (Killi,Karamana rivers)",Thiruvananthapuram
UEI-IMD-FL-2020-0050,2020-02-06,2020-05-06,3.0,Heavy Rains & Floods,Thiruvananthapuram
UEI-IMD-FL-2020-0051,2020-03-07,2020-03-07,1.0,Flash flood,Kozhikode
UEI-IMD-FL-2020-0052,2020-05-08,2020-05-08,1.0,Heavy Rains & Floods,Wayanad
UEI-IMD-FL-2020-0053,2020-06-08,2020-06-08,1.0,Landslide,Idukki
UEI-IMD-FL-2020-0054,2020-06-08,2020-06-08,1.0,Heavy Rains & Landslide,Wayanad
UEI-IMD-FL-2020-0055,2020-07-08,2020-07-08,1.0,Heavy Rains & Floods,Alappuzha
UEI-IMD-FL-2020-0056,2020-08-08,2020-08-08,1.0,Heavy Rains & Floods,Thiruvananthapuram
UEI-IMD-FL-2020-0056,2020-08-08,2020-08-08,1.0,Heavy Rains & Floods,Wayanad
UEI-IMD-FL-2020-0057,2020-09-08,2020-09-08,1.0,Heavy Rains & Floods,Alappuzha
UEI-IMD-FL-2020-0057,2020-09-08,2020-09-08,1.0,Heavy Rains & Floods,Ernakulam
UEI-IMD-FL-2020-0057,2020-09-08,2020-09-08,1.0,Heavy Rains & Floods,Kollam
UEI-IMD-FL-2020-0057,2020-09-08,2020-09-08,1.0,Heavy Rains & Floods,Kottayam
UEI-IMD-FL-2020-0058,2020-10-08,2020-10-08,1.0,Heavy Rains & Floods,Pathanamthitta
UEI-IMD-FL-2020-0058,2020-10-08,2020-10-08,1.0,Heavy Rains & Floods,Wayanad
UEI-IMD-FL-2020-0059,2020-11-08,2020-11-08,1.0,Heavy Rains & Floods,Kozhikode
UEI-IMD-FL-2020-0060,2020-12-08,2020-12-08,1.0,Heavy Rains & Floods,Alappuzha
UEI-IMD-FL-2020-0060,2020-12-08,2020-12-08,1.0,Heavy Rains & Floods,Kottayam
UEI-IMD-FL-2020-0060,2020-12-08,2020-12-08,1.0,Heavy Rains & Floods,Pathanamthitta
UEI-IMD-FL-2020-0061,2020-06-09,2020-06-09,1.0,Heavy Rains,Alappuzha
UEI-IMD-FL-2020-0062,2020-06-09,2020-08-09,2.0,Heavy Rains & Flood,Thiruvananthapuram
UEI-IMD-FL-2020-0063,2020-11-09,2020-11-09,1.0,Heavy Rains & Flood,Malappuram
UEI-IMD-FL-2020-0063,2020-11-09,2020-11-09,1.0,Heavy Rains & Flood,Thiruvananthapuram
UEI-IMD-FL-2020-0064,2020-09-20,2020-09-20,1.0,Heavy Rains & Flood,Ernakulam
UEI-IMD-FL-2020-0064,2020-09-20,2020-09-20,1.0,Heavy Rains & Flood,Kannur
UEI-IMD-FL-2020-0064,2020-09-20,2020-09-20,1.0,Heavy Rains & Flood,Thrissur
UEI-IMD-FL-2020-0064,2020-09-20,2020-09-20,1.0,Heavy Rains & Flood,Wayanad
UEI-IMD-FL-2020-0065,2020-09-21,2020-09-21,1.0,Heavy Rains & Flood,Kannur
UEI-IMD-FL-2020-0065,2020-09-21,2020-09-21,1.0,Heavy Rains & Flood,Kasaragod
UEI-IMD-FL-2020-0065,2020-09-21,2020-09-21,1.0,Heavy Rains & Flood,Palakkad
UEI-IMD-FL-2020-0066,2020-09-22,2020-09-22,1.0,Heavy Rains & Flood,Kollam
UEI-IMD-FL-2020-0066,2020-09-22,2020-09-22,1.0,Heavy Rains & Flood,Thiruvananthapuram
UEI-IMD-FL-2020-0067,2020-09-23,2020-09-23,1.0,Heavy Rains & Flood,Thiruvananthapuram
UEI-IMD-FL-2020-0068,2020-09-10,2020-09-10,1.0,Heavy Rains & Flood,Thiruvananthapuram
UEI-IMD-FL-2020-0069,2020-10-29,2020-10-29,1.0,Heavy Rains,Thiruvananthapuram
UEI-IMD-FL-2021-0062,2021-01-03,2021-01-03,1.0,Heavy   Rains,Kasaragod
UEI-IMD-FL-2021-0063,2021-01-10,2021-01-10,1.0,Heavy   Rains,Wayanad
UEI-IMD-FL-2021-0064,2021-04-02,2021-04-02,1.0,Heavy   Rains & Mudslide,Thiruvananthapuram
UEI-IMD-FL-2021-0065,2021-04-10,2021-04-10,1.0,Heavy   Rains,Kozhikode
UEI-IMD-FL-2021-0066,2021-04-11,2021-04-12,2.0,Heavy   Rains,Thiruvananthapuram
UEI-IMD-FL-2021-0067,2021-04-13,2021-04-13,1.0,Heavy   Rains,Ernakulam
UEI-IMD-FL-2021-0068,2021-04-18,2021-04-18,1.0,Heavy   Rains,Wayanad
UEI-IMD-FL-2021-0069,2021-04-19,2021-04-19,1.0,Heavy   Rains,Kozhikode
UEI-IMD-FL-2021-0070,2021-04-20,2021-04-21,2.0,Heavy   Rains,Wayanad
UEI-IMD-FL-2021-0071,2021-04-22,2021-04-22,1.0,Heavy   Rains,Palakkad
UEI-IMD-FL-2021-0072,2021-05-12,2021-05-12,1.0,Heavy rains & Flood,Thiruvananthapuram
UEI-IMD-FL-2021-0073,2021-05-18,2021-05-18,1.0,Heavy rains & Flood,Thiruvananthapuram
UEI-IMD-FL-2021-0074,2021-05-20,2021-05-20,1.0,Heavy rains & Flood,Idukki
UEI-IMD-FL-2021-0075,2021-05-23,2021-05-25,3.0,"Heavy rains, Flood & Mudslide",Thiruvananthapuram
UEI-IMD-FL-2021-0076,2021-06-05,2021-06-05,1.0,Landslides,Thiruvananthapuram
UEI-IMD-FL-2021-0077,2021-06-16,2021-06-17,2.0,Heavy rains,Wayanad
UEI-IMD-FL-2021-0078,2021-06-21,2021-06-25,3.0,Heavy rains,Wayanad
UEI-IMD-FL-2021-0079,2021-07-14,2021-07-15,2.0,Heavy rains,Wayanad
UEI-IMD-FL-2021-0080,2021-07-17,2021-07-18,2.0,Heavy rains & Landslide,Wayanad
UEI-IMD-FL-2021-0081,2021-07-21,2021-07-21,1.0,Heavy rains,Wayanad
UEI-IMD-FL-2021-0082,2021-08-03,2021-08-03,1.0,Heavy rains,Idukki
UEI-IMD-FL-2021-0083,2021-09-27,2021-09-28,2.0,Heavy rains,Idukki
UEI-IMD-FL-2021-0083,2021-09-27,2021-09-28,2.0,Heavy rains,Thiruvananthapuram
UEI-IMD-FL-2021-0084,2021-10-02,2021-10-02,1.0,Heavy rains,Thrissur
UEI-IMD-FL-2021-0085,2021-10-05,2021-10-05,1.0,Heavy rains & Landslips,Thiruvananthapuram
UEI-IMD-FL-2021-0086,2021-10-09,2021-10-09,1.0,Heavy rains,Alappuzha
UEI-IMD-FL-2021-0086,2021-10-09,2021-10-09,1.0,Heavy rains,Thiruvananthapuram
UEI-IMD-FL-2021-0087,2021-10-11,2021-10-11,1.0,Heavy Rains & Mudslide,Kollam
UEI-IMD-FL-2021-0088,2021-10-11,2021-10-11,1.0,Heavy Rains & Mudslide,Malappuram
UEI-IMD-FL-2021-0089,2021-10-12,2021-10-12,1.0,"Heavy Rains, Floods & Landslides",Ernakulam
UEI-IMD-FL-2021-0089,2021-10-12,2021-10-12,1.0,"Heavy Rains, Floods & Landslides",Kannur
UEI-IMD-FL-2021-0089,2021-10-12,2021-10-12,1.0,"Heavy Rains, Floods & Landslides",Kottayam
UEI-IMD-FL-2021-0089,2021-10-12,2021-10-12,1.0,"Heavy Rains, Floods & Landslides",Kozhikode
UEI-IMD-FL-2021-0089,2021-10-12,2021-10-12,1.0,"Heavy Rains, Floods & Landslides",Palakkad
UEI-IMD-FL-2021-0089,2021-10-12,2021-10-12,1.0,"Heavy Rains, Floods & Landslides",Pathanamthitta
UEI-IMD-FL-2021-0089,2021-10-12,2021-10-12,1.0,"Heavy Rains, Floods & Landslides",Thiruvananthapuram
UEI-IMD-FL-2021-0089,2021-10-12,2021-10-12,1.0,"Heavy Rains, Floods & Landslides",Thrissur
UEI-IMD-FL-2021-0090,2021-10-12,2021-10-12,1.0,"Heavy Rains, Floods & Landslides",Ernakulam
UEI-IMD-FL-2021-0091,2021-10-12,2021-10-12,1.0,"Heavy Rains, Floods & Landslides",Kannur
UEI-IMD-FL-2021-0092,2021-10-12,2021-10-12,1.0,"Heavy Rains, Floods & Landslides",Kottayam
UEI-IMD-FL-2021-0093,2021-10-12,2021-10-12,1.0,"Heavy Rains, Floods & Landslides",Kozhikode
UEI-IMD-FL-2021-0094,2021-10-12,2021-10-12,1.0,"Heavy Rains, Floods & Landslides",Palakkad
UEI-IMD-FL-2021-0095,2021-10-12,2021-10-12,1.0,"Heavy Rains, Floods & Landslides",Pathanamthitta
UEI-IMD-FL-2021-0096,2021-10-12,2021-10-12,1.0,"Heavy Rains, Floods & Landslides",Thiruvananthapuram
UEI-IMD-FL-2021-0097,2021-10-12,2021-10-12,1.0,"Heavy Rains, Floods & Landslides",Thrissur
UEI-IMD-FL-2021-0098,2021-10-16,2021-10-16,1.0,"Heavy Rains, Floods & Landslips",Alappuzha
UEI-IMD-FL-2021-0098,2021-10-16,2021-10-16,1.0,"Heavy Rains, Floods & Landslips",Ernakulam
UEI-IMD-FL-2021-0098,2021-10-16,2021-10-16,1.0,"Heavy Rains, Floods & Landslips",Idukki
UEI-IMD-FL-2021-0098,2021-10-16,2021-10-16,1.0,"Heavy Rains, Floods & Landslips",Kollam
UEI-IMD-FL-2021-0098,2021-10-16,2021-10-16,1.0,"Heavy Rains, Floods & Landslips",Kottayam
UEI-IMD-FL-2021-0098,2021-10-16,2021-10-16,1.0,"Heavy Rains, Floods & Landslips",Palakkad
UEI-IMD-FL-2021-0098,2021-10-16,2021-10-16,1.0,"Heavy Rains, Floods & Landslips",Thiruvananthapuram
UEI-IMD-FL-2021-0099,2021-10-16,2021-10-16,1.0,"Heavy Rains, Floods & Landslips",Alappuzha
UEI-IMD-FL-2021-0100,2021-10-16,2021-10-16,1.0,"Heavy Rains, Floods & Landslips",Ernakulam
UEI-IMD-FL-2021-0101,2021-10-16,2021-10-16,1.0,"Heavy Rains, Floods & Landslips",Idukki
UEI-IMD-FL-2021-0102,2021-10-16,2021-10-16,1.0,"Heavy Rains, Floods & Landslips",Kollam
UEI-IMD-FL-2021-0103,2021-10-16,2021-10-16,1.0,"Heavy Rains, Floods & Landslips",Kottayam
UEI-IMD-FL-2021-0104,2021-10-16,2021-10-16,1.0,"Heavy Rains, Floods & Landslips",Palakkad
UEI-IMD-FL-2021-0105,2021-10-16,2021-10-16,1.0,"Heavy Rains, Floods & Landslips",Thiruvananthapuram
UEI-IMD-FL-2021-0106,2021-10-17,2021-10-17,1.0,Heavy Rains & Floods,Thrissur
UEI-IMD-FL-2021-0107,2021-10-18,2021-10-18,1.0,Heavy Rains & Floods (Kallar river),Thiruvananthapuram
UEI-IMD-FL-2021-0108,2021-10-11,2021-10-19,9.0,"Heavy rains, Floods & Landslides",Alappuzha
UEI-IMD-FL-2021-0108,2021-10-11,2021-10-19,9.0,"Heavy rains, Floods & Landslides",Idukki
UEI-IMD-FL-2021-0108,2021-10-11,2021-10-19,9.0,"Heavy rains, Floods & Landslides",Ernakulam
UEI-IMD-FL-2021-0108,2021-10-11,2021-10-19,9.0,"Heavy rains, Floods & Landslides",Kannur
UEI-IMD-FL-2021-0108,2021-10-11,2021-10-19,9.0,"Heavy rains, Floods & Landslides",Kottayam
UEI-IMD-FL-2021-0108,2021-10-11,2021-10-19,9.0,"Heavy rains, Floods & Landslides",Kollam
UEI-IMD-FL-2021-0108,2021-10-11,2021-10-19,9.0,"Heavy rains, Floods & Landslides",Kozhikode
UEI-IMD-FL-2021-0108,2021-10-11,2021-10-19,9.0,"Heavy rains, Floods & Landslides",Malappuram
UEI-IMD-FL-2021-0108,2021-10-11,2021-10-19,9.0,"Heavy rains, Floods & Landslides",Palakkad
UEI-IMD-FL-2021-0108,2021-10-11,2021-10-19,9.0,"Heavy rains, Floods & Landslides",Pathanamthitta
UEI-IMD-FL-2021-0108,2021-10-11,2021-10-19,9.0,"Heavy rains, Floods & Landslides",Thrissur
UEI-IMD-FL-2021-0108,2021-10-11,2021-10-19,9.0,"Heavy rains, Floods & Landslides",Thiruvananthapuram
UEI-IMD-FL-2021-0109,2021-10-11,2021-10-19,9.0,"Heavy rains, Floods & Landslides",Alappuzha
UEI-IMD-FL-2021-0110,2021-10-11,2021-10-19,9.0,"Heavy rains, Floods & Landslides",Kannur
UEI-IMD-FL-2021-0111,2021-10-11,2021-10-19,9.0,"Heavy rains, Floods & Landslides",Thrissur
UEI-IMD-FL-2021-0112,2021-10-20,2021-10-20,1.0,Heavy Rains & Floods,Malappuram
UEI-IMD-FL-2021-0113,2021-10-20,2021-10-20,1.0,Heavy Rains & Floods,Palakkad
UEI-IMD-FL-2021-0114,2021-10-20,2021-10-20,1.0,Heavy Rains & Floods,Thiruvananthapuram
UEI-IMD-FL-2021-0115,2021-10-23,2021-10-23,1.0,Heavy Rains & Landslips,Kottayam
UEI-IMD-FL-2021-0116,2021-10-23,2021-10-23,1.0,Heavy Rains & Landslips,Pathanamthitta
UEI-IMD-FL-2021-0117,2021-11-02,2021-11-02,1.0,Landslip,Kozhikode
UEI-IMD-FL-2021-0118,2021-11-05,2021-11-05,1.0,Heavy Rains & Floods,Alappuzha
UEI-IMD-FL-2021-0118,2021-11-05,2021-11-05,1.0,Heavy Rains & Floods,Kottayam
UEI-IMD-FL-2021-0119,2021-11-13,2021-11-13,1.0,Heavy Rains & Landslip,Alappuzha
UEI-IMD-FL-2021-0119,2021-11-13,2021-11-13,1.0,Heavy Rains & Landslip,Thiruvananthapuram
UEI-IMD-FL-2021-0120,2021-11-14,2021-11-14,1.0,Heavy Rains & Floods,Kannur
UEI-IMD-FL-2021-0121,2021-11-14,2021-11-14,1.0,Heavy Rains & Floods,Thiruvananthapuram
UEI-IMD-FL-2021-0122,2021-11-14,2021-11-14,1.0,Heavy Rains & Floods,Thrissur
UEI-IMD-FL-2021-0123,2021-11-10,2021-11-15,6.0,Heavy Rains,Ernakulam
UEI-IMD-FL-2021-0123,2021-11-10,2021-11-15,6.0,Heavy Rains,Kannur
UEI-IMD-FL-2021-0123,2021-11-10,2021-11-15,6.0,Heavy Rains,Kollam
UEI-IMD-FL-2021-0123,2021-11-10,2021-11-15,6.0,Heavy Rains,Kottayam
UEI-IMD-FL-2021-0123,2021-11-10,2021-11-15,6.0,Heavy Rains,Thiruvananthapuram
UEI-IMD-FL-2021-0123,2021-11-10,2021-11-15,6.0,Heavy Rains,Thrissur
UEI-IMD-FL-2021-0124,2021-11-10,2021-11-15,6.0,Heavy Rains,Ernakulam
UEI-IMD-FL-2021-0125,2021-11-15,2021-11-16,2.0,Heavy Rains & Floods,Alappuzha
UEI-IMD-FL-2021-0125,2021-11-15,2021-11-16,2.0,Heavy Rains & Floods,Thiruvananthapuram
UEI-IMD-FL-2021-0125,2021-11-15,2021-11-16,2.0,Heavy Rains & Floods,Thrissur
UEI-IMD-FL-2021-0126,2021-11-15,2021-11-16,2.0,Heavy Rains & Floods,Thiruvananthapuram
UEI-IMD-FL-2021-0127,2021-11-17,2021-11-17,1.0,Heavy Rains & Floods,Thiruvananthapuram
UEI-IMD-FL-2021-0128,2021-11-17,2021-11-17,1.0,Heavy Rains & Floods,Thrissur
UEI-IMD-FL-2021-0129,2021-11-30,2021-11-30,1.0,Heavy rains,Thiruvananthapuram
UEI-IMD-FL-2022-0535,2022-03-23,2022-03-23,1.0,Heavy rains,Palakkad
UEI-IMD-FL-2022-0536,2022-03-24,2022-03-24,1.0,Heavy rains,Kannur
UEI-IMD-FL-2022-0537,2022-03-24,2022-03-24,1.0,Heavy rains,Kasaragod
UEI-IMD-FL-2022-0538,2022-03-27,2022-03-27,1.0,Heavy rains,Kottayam
UEI-IMD-FL-2022-0539,2022-05-17,2022-05-17,1.0,Heavy Rains,Thrissur
UEI-IMD-FL-2022-0540,2022-05-18,2022-05-18,1.0,Heavy Rains,Ernakulam
UEI-IMD-FL-2022-0541,2022-05-18,2022-05-18,1.0,Heavy Rains,Kozhikode
UEI-IMD-FL-2022-0542,2022-05-20,2022-05-20,1.0,Heavy rains,Idukki
UEI-IMD-FL-2022-0543,2022-05-20,2022-05-20,1.0,Heavy rains,Thrissur
UEI-IMD-FL-2022-0544,2022-06-16,2022-06-16,1.0,Mud slip,Wayanad
UEI-IMD-FL-2022-0545,2022-07-01,2022-07-01,1.0,Heavy rains,Kannur
UEI-IMD-FL-2022-0546,2022-07-02,2022-07-02,1.0,Heavy rains,Kannur
UEI-IMD-FL-2022-0547,2022-07-04,2022-07-04,1.0,Landslide,Idukki
UEI-IMD-FL-2022-0548,2022-07-05,2022-07-05,1.0,Heavy rains,Idukki
UEI-IMD-FL-2022-0549,2022-07-07,2022-07-07,1.0,Heavy rains,Kannur
UEI-IMD-FL-2022-0550,2022-07-10,2022-07-10,1.0,Heavy rains,Ernakulam
UEI-IMD-FL-2022-0551,2022-07-15,2022-07-15,1.0,Landslide,Idukki
UEI-IMD-FL-2022-0552,2022-07-16,2022-07-16,1.0,Heavy Rains & Floods,Kasaragod
UEI-IMD-FL-2022-0552,2022-07-16,2022-07-16,1.0,Heavy Rains & Floods,Wayanad
UEI-IMD-FL-2022-0552,2022-07-16,2022-07-16,1.0,Heavy Rains & Floods,Kozhikode
UEI-IMD-FL-2022-0552,2022-07-16,2022-07-16,1.0,Heavy Rains & Floods,Malappuram
UEI-IMD-FL-2022-0552,2022-07-16,2022-07-16,1.0,Heavy Rains & Floods,Palakkad
UEI-IMD-FL-2022-0552,2022-07-16,2022-07-16,1.0,Heavy Rains & Floods,Thrissur
UEI-IMD-FL-2022-0552,2022-07-16,2022-07-16,1.0,Heavy Rains & Floods,Idukki
UEI-IMD-FL-2022-0552,2022-07-16,2022-07-16,1.0,Heavy Rains & Floods,Ernakulam
UEI-IMD-FL-2022-0552,2022-07-16,2022-07-16,1.0,Heavy Rains & Floods,Alappuzha
UEI-IMD-FL-2022-0552,2022-07-16,2022-07-16,1.0,Heavy Rains & Floods,Kottayam
UEI-IMD-FL-2022-0552,2022-07-16,2022-07-16,1.0,Heavy Rains & Floods,Pathanamthitta
UEI-IMD-FL-2022-0552,2022-07-16,2022-07-16,1.0,Heavy Rains & Floods,Kollam
UEI-IMD-FL-2022-0552,2022-07-16,2022-07-16,1.0,Heavy Rains & Floods,Thiruvananthapuram
UEI-IMD-FL-2022-0552,2022-07-16,2022-07-16,1.0,Heavy Rains & Floods,Kannur
UEI-IMD-FL-2022-0553,2022-07-16,2022-07-16,1.0,Heavy Rains & Floods,Palakkad
UEI-IMD-FL-2022-0554,2022-07-16,2022-07-16,1.0,Heavy Rains & Floods,Thrissur
UEI-IMD-FL-2022-0555,2022-07-19,2022-07-19,1.0,Heavy Rains & Floods,Malappuram
UEI-IMD-FL-2022-0556,2022-07-20,2022-07-20,1.0,Heavy Rains & Floods,Malappuram
UEI-IMD-FL-2022-0557,2022-07-28,2022-07-28,1.0,Heavy Rains,Ernakulam
UEI-IMD-FL-2022-0558,2022-08-01,2022-08-01,1.0,Heavy Rains & Floods,Kollam
UEI-IMD-FL-2022-0559,2022-08-01,2022-08-01,1.0,Heavy Rains & Floods,Kottayam
UEI-IMD-FL-2022-0560,2022-08-01,2022-08-01,1.0,Heavy Rains & Floods,Malappuram
UEI-IMD-FL-2022-0561,2022-08-01,2022-08-01,1.0,Heavy Rains & Floods,Pathanamthitta
UEI-IMD-FL-2022-0562,2022-08-01,2022-08-01,1.0,Heavy Rains & Floods,Thiruvananthapuram
UEI-IMD-FL-2022-0563,2022-08-01,2022-08-01,1.0,Landslide,Kottayam
UEI-IMD-FL-2022-0564,2022-08-01,2022-08-01,1.0,Landslide,Kannur
UEI-IMD-FL-2022-0565,2022-08-02,2022-08-02,1.0,Heavy Rains & Floods,Alappuzha
UEI-IMD-FL-2022-0566,2022-08-02,2022-08-02,1.0,Heavy Rains & Floods,Ernakulam
UEI-IMD-FL-2022-0568,2022-08-02,2022-08-02,1.0,Heavy Rains & Floods,Kannur
UEI-IMD-FL-2022-0569,2022-08-02,2022-08-02,1.0,Heavy Rains & Floods,Kollam
UEI-IMD-FL-2022-0570,2022-08-02,2022-08-02,1.0,Heavy Rains & Floods,Kottayam
UEI-IMD-FL-2022-0571,2022-08-02,2022-08-02,1.0,Heavy Rains & Floods,Malappuram
UEI-IMD-FL-2022-0572,2022-08-02,2022-08-02,1.0,Heavy Rains & Floods,Pathanamthitta
UEI-IMD-FL-2022-0573,2022-08-02,2022-08-02,1.0,Heavy Rains & Floods,Thiruvananthapuram
UEI-IMD-FL-2022-0574,2022-08-02,2022-08-02,1.0,Heavy Rains & Floods,Thrissur
UEI-IMD-FL-2022-0575,2022-08-02,2022-08-02,1.0,Heavy Rains & Floods,Wayanad
UEI-IMD-FL-2022-0576,2022-08-29,2022-08-29,1.0,Landslide,Idukki
UEI-IMD-FL-2022-0577,2022-09-04,2022-09-04,1.0,Heavy Rains,Thiruvananthapuram
UEI-IMD-FL-2023-0348,2023-07-03,2023-07-07,5.0,Heavy Rains & Floods,Alappuzha
UEI-IMD-FL-2023-0349,2023-07-03,2023-07-07,5.0,Heavy Rains & Floods,Kannur
UEI-IMD-FL-2023-0350,2023-07-03,2023-07-07,5.0,Heavy Rains & Floods,Kottayam
UEI-IMD-FL-2023-0351,2023-07-03,2023-07-07,5.0,Heavy Rains & Floods,Kozhikode
UEI-IMD-FL-2023-0352,2023-07-03,2023-07-07,5.0,Heavy Rains & Floods,Pathanamthitta
UEI-IMD-FL-2023-0354,2023-07-10,2023-07-10,1.0,Heavy Rains & Floods (Nilambur River),Malappuram
UEI-IMD-FL-2023-0355,2023-07-23,2023-07-23,1.0,Heavy Rains & Floods,Thrissur
UEI-IMD-FL-2023-0356,2023-07-23,2023-07-23,1.0,Heavy Rains & Floods,Wayanad
