UEI,Start Date,End Date,Duration(Days),Main Cause,Location,Districts,State,Latitude,Longitude,Severity,Area Affected,Human fatality,Human injured,Human Displaced,Animal Fatality,Description of Casualties/injured,Extent of damage,Event Source,Event Souce ID,District_LGD_Codes,State_Codes
UEI-IMD-FL-1970-0010,1970-09-11,1970-09-20,10.0,heavy rains,,,Kerala,,,,,,,,,,"Disrupted normal life, flooding low-lying areas,affecting communications",IMD,,,32
UEI-IMD-FL-1971-0002,1971-05-08,1971-05-14,7.0,heavy rains,,Thrissur,Kerala,,,,,,,,,,"Caused considerable damage to property like plantatin,coconut groves,disrupted traffic,communication",IMD,,566,32
UEI-IMD-FL-1972-0001,1972-05-08,1972-05-21,14.0,heavy rains,,,Kerala,,,,,,,,,,"Caused floods,land-slides in many parts of the state. Property worth about two crores of rupees was reported to have been destroyed,there was some loss of life also.",IMD,,,32
UEI-IMD-FL-1972-0006,1972-07-01,1972-07-14,14.0,heavy rains,,,Kerala,,,,,,,,,,"Caused damage to property,coconut groves. Some loss of life was also reported",IMD,,,32
UEI-IMD-FL-1975-0025,1975-06-15,1975-06-30,16.0,floods,,"Kasaragod, Wayanad, Kozhikode, Malappuram, Palakkad, Thrissur, Idukki, Ernakulam, Alappuzha, Kottayam, Pathanamthitta, Kollam, Thiruvananthapuram, Kannur",Kerala,,,,,,,,,,"The flood affected the population of about 4 to 5 lakhs causing loss of life, landslides,extensive damage to crop, the property worth several lakhs of Rupees",IMD,,"558, 567, 561, 562, 563, 566, 556, 555, 554, 560, 564, 559, 565, 557",32
UEI-IMD-FL-1975-0026,1975-11-01,1975-11-07,7.0,heavy rains,,"Thiruvananthapuram, Kollam, Alappuzha, Kottayam, Thrissur",Kerala,,,,,4.0,,,,Claimed the lives of 4 persons.,"Badly affected, There was extensive damage to standing paddy crops, There was breaches in the bunds of canals,people were rvacuated to places of safety. Agricultural operations came to a standstill. In Calicut district, landsldies, had occured in South Wayanad, In the high ranages landslides followed by heavy down pour had damaged, paddy, pepper,tuber crops",IMD,,"565, 559, 554, 560, 566",32
UEI-IMD-FL-1976-0026,1976-07-22,1976-07-28,7.0,heavy rains,,"Thiruvananthapuram, Kottayam, Ernakulam, Kozhikode,Thrissur",Kerala,,,,,20.0,,,,"Heavy landslides occured killing 20 people in Thrissur,Idukku districts",Damaging crops worth Rs. 15 lakhs,IMD,,"565, 560, 555, 561, 566",32
UEI-IMD-FL-1978-0032,1978-11-01,1978-11-07,7.0,severe,,"Thiruvananthapuram, Kollam, Alappuzha, Thrissur, Kannur,Malappuram",Kerala,,,,,44.0,1.0,,,"44 lives lost, 1 person washed away","46,000 houses dmaged, crops in 1,05,600 hectares destroyed, train tracks breached",IMD,,"565, 559, 554, 566, 557, 562",32
UEI-IMD-FL-1979-0021,1979-06-10,1979-06-19,10.0,heavy rains,,Alappuzha,Kerala,,,,,,,,,,186 hectares of paddy cultivation destroyed,IMD,,554,32
UEI-IMD-FL-1979-0022,1979-06-14,1979-06-14,1.0,heavy rains,,Ernakulam,Kerala,,,,,,,,,,i)Vehicular traffic/air services disrupted ii)Operations in port came to a standstill,IMD,,555,32
UEI-IMD-FL-1979-0023,1979-07-02,1979-07-02,1.0,heavy rains,,Kannur,Kerala,,,,,4.0,,,,"1 woman,three children died","A bridge,an approach road washed away",IMD,,557,32
UEI-IMD-FL-1979-0024,1979-07-29,1979-07-31,3.0,heavy rains,,Kozhikode,Kerala,,,,,,,,,,"i)60 coconut trees uprooted,4 houses partially damaged ii)61 hectares of paddy field flooded iii)Coastal area affected by sea-erosion",IMD,,561,32
UEI-IMD-FL-1979-0025,1979-08-01,1979-08-03,3.0,heavy rains,,"Kannur,Kozhikode",Kerala,,,,,3.0,1.0,,,"i)1 woman,2 children killed i house collapses, 1 person drowned in boat capsized ii)Several cattle heads washed away","i)30 houses washed away,1000 families affected ii)Banana, ginger,paddy crops affected",IMD,,"557, 561",32
UEI-IMD-FL-1979-0026,1979-08-06,1979-08-07,2.0,heavy rains,,Kannur,Kerala,,,,,,1.0,,,1 woman drowned in swollen river,"i)Roads,bridges damaged ii)Trees uprooted iii)Plants,crops damaged",IMD,,557,32
UEI-IMD-FL-1979-0027,1979-11-15,1979-11-19,5.0,moderate floods,,Palakkad,Kerala,,,,,,,,,,"i)17 irriagtion bunds damaged ii)Besides damage to crops, 50 huts washed away, loss estimated to Rs. 1 crore",IMD,,563,32
UEI-IMD-FL-1980-0021,1980-06-15,1980-06-21,7.0,heavy rains,,"Kannur, Malappuram, Kozhikode, Kollam,Thiruvananthapuram",Kerala,,,,,3.0,4.0,,,"i)A child washed away,2 died due to electrocution ii)3 children injured in house collapses","i)Severe damage to paddy crops,buildings ii)Low lying areas inundated iii)Several houses washed away iv)Two barges capsized v)Fishing implements damaged vi)Telephone system,power supply disrupted",IMD,,"557, 562, 561, 559, 565",32
UEI-IMD-FL-1980-0022,1980-06-22,1980-06-28,7.0,heavy rains,,Palakkad,Kerala,,,,,,,,,,Traffic disrupted due to landslides,IMD,,563,32
UEI-IMD-FL-1980-0023,1980-07-01,1980-07-14,14.0,heavy rains,,"Alappuzha,Kannur, Kottayam, Kozhikode, Malappuram, Palakkad,Thrissur",Kerala,,,,,8.0,5.0,,,i)8 person died ii)5 fishermen sustained injuries,"i)Severe damage to paddy crops in several hectares ii)Low lying areas flooded iii)Many huts washed away iv)Severe damage to houses v)A large number of families rendered homeless,and evacuated to safer places vi)Roads damaged at several points",IMD,,"554, 557, 560, 561, 562, 563, 566",32
UEI-IMD-FL-1980-0024,1980-08-22,1980-08-28,7.0,heavy rains,,"Alappuzha, Kozhikode, Kollam, Thrissur,Thiruvananthapuram",Kerala,,,,,2.0,2.0,,,"2 persons died,2 injured","i)Severe sea erosion in coastal areas ii)Many fishing crafts,nets destroyed iii)Several coconut trees uprooted iv)Several houses partially/completely damaged v)Nearly 1000 huts washed away",IMD,,"554, 561, 559, 566, 565",32
UEI-IMD-FL-1980-0025,1980-09-22,1980-09-28,7.0,heavy rains,,Kottayam,Kerala,,,,,,,,,,"i)25 houses completely damaged,hundred partially damaged ii)Many trees uprooted iii)Crop worth rupees 10 lakhs damaged",IMD,,560,32
UEI-IMD-FL-1980-0026,1980-10-01,1980-10-07,7.0,heavy rains,,Kozhikode,Kerala,,,,,,,,,,i)Land-slides occured in some places resulting in damage of crops ii)Estimated loss : Rs. 2 lakhs,IMD,,561,32
UEI-IMD-FL-1981-0031,1981-06-01,1981-06-07,7.0,moderate floods,,"Kozhikode, Malappuram, Ernakulam, Thrissur, Kollam, Kottayam, Alappuzha,Kannur",Kerala,,,,,39.0,13.0,,,"39 human lives lost,13 injured","(i)Power,telephone system affected (ii)Two mechanised boats capsized (iii)Several houses partially/completely damaged (iv)Paddy crops in 1592 hectares affected (v)Nearly 1000 houses damaged (vi_Nearly 30 lakh people affectedby landslides (vii)25700 coconut trees uprooted (viii)Sea erosion occured along the coastal parts (ix)Many families evacuated to safer places. (x)Crops worthmore than Rs. 4 lakhs lost",IMD,,"561, 562, 555, 566, 559, 560, 554, 557",32
UEI-IMD-FL-1981-0032,1981-06-08,1981-06-08,1.0,heavy rains,,"Malappuram, Kollam, Thrissur,Kozhikode",Kerala,,,,,,,,,,"(i)77 houses collapsed (ii)164 families evacuated to safer places (iii)Loss to crops like coconut, tapioca, plantain, etc. estimated at Rs.4.5 lacs",IMD,,"562, 559, 566, 561",32
UEI-IMD-FL-1981-0033,1981-06-14,1981-06-14,1.0,flash floods,,Alappuzha,Kerala,,,,,2.0,,,,2 persons died,Stranding crops in 4000 hectares damaged,IMD,,554,32
UEI-IMD-FL-1981-0034,1981-07-27,1981-07-27,1.0,heavy rains,,Idukki,Kerala,,,,,,,,,,"About 1 hectare oland washed away in landslide causing damage to 600 rubber trees,other cash crops",IMD,,556,32
UEI-IMD-FL-1981-0035,1981-08-17,1981-08-17,1.0,continuous heavy rains,,Kozhikode,Kerala,,,,,1.0,,,,1 girl died,(i) Heavy damage to cahs crops due to landslide (ii)Flooding of several roads,IMD,,561,32
UEI-IMD-FL-1981-0036,1981-09-15,1981-09-28,14.0,heavy rains,,Alappuzha,Kerala,,,,,,,,,,(i)Crops in 6505 hectares destroyed (ii)3500 families from low lying areas moved to safer places,IMD,,554,32
UEI-IMD-FL-1982-0021,1982-07-30,1982-08-04,6.0,moderate (streams from cape comorin) ...,,Kannur,Kerala,,,,,,,,,"4 persons drowned in the streams inin Hosdurg,Kasaragod taluks.","200 houses damaged,many persons evacuated to safer places in Hosdurg,Kasaragod taluks..",IMD,,557,32
UEI-IMD-FL-1982-0022,1982-08-01,1982-08-03,3.0,heavy rains,,Kozhikode,Kerala,,,,,,,,,,"Landslide occurred at Kuttiadi hills, causing heavy damage to crops.",IMD,,561,32
UEI-IMD-FL-1983-0046,1983-07-23,1983-07-23,1.0,heavy rains,,Malappuram,Kerala,,,,,3.0,,,,3 persons died,"5 houses completely,30 partially damaged",IMD,,562,32
UEI-IMD-FL-1983-0047,1983-08-10,1983-08-17,8.0,incessant rains,,Ernakulam,Kerala,,,,,,,,,,Paddy crop in 1600 hectares area submerged,IMD,,555,32
UEI-IMD-FL-1983-0048,1983-11-02,1983-11-02,1.0,heavy rains,,Palakkad,Kerala,,,,,,,,,,22 houses washed away,IMD,,563,32
UEI-IMD-FL-1984-0035,1984-04-23,1984-04-23,1.0,severe,,Malappuram,Kerala,,,,,3.0,,,,3 women drowned,,IMD,,562,32
UEI-IMD-FL-1984-0036,1984-06-15,1984-06-15,1.0,heavy rains,,"Kottayam, Wayanad",Kerala,,,,,8.0,25.0,,,"25 people injured when a bus overturned in Murattupazha, A family having 8 members died when their house submerged under water at Puthupaddy, 40 km east of Kozhikode","i)Low lying areas submerged ii)Several roads damaged, Several roads washed away",IMD,,"560, 567",32
UEI-IMD-FL-1984-0037,1984-06-16,1984-06-16,1.0,heavy rains,,"Kozhikode, Palakkad",Kerala,,,,,4.0,,,,"2 fishermen drowned in sea, 2 boys killed in a house collapse at Karimba near Mannarghat","Widespread damage occured to agricultural property, Standing crops extensively damaged",IMD,,"561, 563",32
UEI-IMD-FL-1984-0038,1984-06-17,1984-06-17,1.0,heavy rains,,"Alappuzha,Kannur, Malappuram",Kerala,,,,,6.0,4.0,,,"2 fishermen drowned at Punnapara, 2 persons drowned,1 women electrocuted in Tellichery, 1 person died,4 injured in Perinthalamanna",Extensive damage to agriculture reported,IMD,,"554, 557, 562",32
UEI-IMD-FL-1984-0039,1984-06-17,1984-06-28,12.0,heavy rains,,Ernakulam,Kerala,,,,,17.0,,,,17 persons died,,IMD,,555,32
UEI-IMD-FL-1984-0040,1984-06-18,1984-06-18,1.0,heavy rains,,Alappuzha,Kerala,,,,,,,,,,"i)Paddy,other crops in about 1000 hectares land badly damaged ii)Hundreds of trees uprooted",IMD,,554,32
UEI-IMD-FL-1984-0041,1984-07-01,1984-07-03,3.0,heavy rains,,Wayanad,Kerala,,,,,16.0,,,,16 people died,"i)50 hectares of land burried under the debris as huge mass of rock,earth crushing down from the hill on 2nd ii)80 houses destroyed in Kelpatta,Vengapally iii)Plantation crop in 41 hectares submerged in Mundakayil estate",IMD,,567,32
UEI-IMD-FL-1984-0042,1984-10-05,1984-10-05,1.0,heavy rains,,Alappuzha,Kerala,,,,,2.0,,,,"A 60-year old man,2-year old boy drowned when a country boat capsized in Vembanad lake off Thuravur",,IMD,,554,32
UEI-IMD-FL-1984-0043,1984-10-06,1984-10-08,3.0,heavy rains,,Kozhikode,Kerala,,,,,17.0,,,,17 people killed in landslide,"i)Many huts collapsed ii)Widespread damage to roads,crops reported",IMD,,561,32
UEI-IMD-FL-1985-0029,1985-06-15,1985-06-15,1.0,heavy rains,,Kozhikode,Kerala,,,,,2.0,,,,2 persons injured in a house collapse,,IMD,,561,32
UEI-IMD-FL-1985-0030,1985-06-24,1985-06-28,5.0,heavy rains,,Idukki,Kerala,,,,,28.0,,,,"28 people including a family of 9, killed in different parts of the city","i)1000 houses collapsed ii)Vehicular traffic between Idukki-Kothamangalam disrupted due to landslide at Vazathoppu,Karimbam iii)Road,telecommunication link disrupted iv)Paddy crop suffered extensive damage v)Pepper vines,Cardamam Plantations badly damaged vi)Crop worth Rs. 95 crore lost",IMD,,556,32
UEI-IMD-FL-1985-0031,1985-06-25,1985-06-29,5.0,heavy rains,,"Alappuzha,Kannur, Kottayam, Kozhikode, Palakkad,Thrissur",Kerala,,,,,16.0,,,,"3 persons(including a 12 year old school girl died), 5 persons died Cannanore, 2persons died in Kottayam, 2 persons died Kozhikode, 3 persons died Palghat, 1 person died",,IMD,,"554, 557, 560, 561, 563, 566",32
UEI-IMD-FL-1985-0032,1985-07-14,1985-07-14,1.0,heavy rains,,Thiruvananthapuram,Kerala,,,,,,,,,,About 10 houses collapsed,IMD,,565,32
UEI-IMD-FL-1986-0039,1986-05-04,1986-05-04,1.0,heavy rains,,"Kozhikode,Thiruvananthapuram",Kerala,,,,,,,,,,i)Low lying areas of Pallikhandi village in Kozhikode district flooded ii)Standing crop in Aryanad village of Thiruvananthapuram district damaged,IMD,,"561, 565",32
UEI-IMD-FL-1986-0040,1986-03-12,1986-03-12,1.0,heavy rains,,Thiruvananthapuram,Kerala,,,,,3.0,,,,3 fishermen swept away when their trawlers capsized near Leyyatinkara village,,IMD,,565,32
UEI-IMD-FL-1986-0041,1986-06-18,1986-06-18,1.0,heavy rains,,Thiruvananthapuram,Kerala,,,,,1.0,40.0,,,"1 fisherman reported missing,40 other injured when a country boat capsized near Neendakare village",,IMD,,565,32
UEI-IMD-FL-1986-0042,1986-06-24,1986-06-24,1.0,heavy rains,,Kollam,Kerala,,,,,3.0,,,,3 fishermen reported missing when a country boat capsized near Neendakare village,,IMD,,559,32
UEI-IMD-FL-1986-0043,1986-08-01,1986-08-14,14.0,severe,,"Alappuzha,Kannur, Ernakulam, Idukki, Kottayam,Kollam",Kerala,,,,,28.0,100.0,,,"28 persons died,100 other, mostly children injured","i)Alappuzha,Ernakulam districts worst affected ii)Paddy crop in 21,700 acres completely,25,650 acres partially damaged iii)19,000 people in Alappuzha district shifted to safer place iv)1750 houses collapsed,9000 damaged v)Heavy loss of rubber plantation,coconut cultivation in Cannore district reported",IMD,,"554, 557, 555, 556, 560, 559",32
UEI-IMD-FL-1987-0021,1987-06-18,1987-06-18,1.0,heavy rains,,Ernakulam,Kerala,,,,,3.0,,,,3 persons died in a wall collapse at Kakkanad near Cochin,4 houses damaged,IMD,,555,32
UEI-IMD-FL-1987-0022,1987-10-13,1987-10-13,1.0,heavy rains,,Idukki,Kerala,,,,,,,,,,"Extensive damage to houses,agriculture in Kanjikuzhi pancayat",IMD,,556,32
UEI-IMD-FL-1987-0023,1987-11-09,1987-11-09,1.0,heavy rains,,Kozhikode,Kerala,,,,,2.0,,,,2 persons died,,IMD,,561,32
UEI-IMD-FL-1987-0024,1987-12-01,1987-12-01,1.0,heavy rains,,Thrissur,Kerala,,,,,,,,,,Loss of agriculture products reported,IMD,,566,32
UEI-IMD-FL-1987-0025,1987-12-05,1987-12-05,1.0,heavy rains,,Thiruvananthapuram,Kerala,,,,,,,,,,"Extensive damage to property,house reported",IMD,,565,32
UEI-IMD-FL-1987-0026,1987-12-17,1987-12-17,1.0,heavy rains,,Kozhikode,Kerala,,,,,,,,,,Extensive damage to agricultural reported,IMD,,561,32
UEI-IMD-FL-1988-0045,1988-04-17,1988-04-17,1.0,heavy rains,,Ernakulam,Kerala,,,,,,,,,,"Damaged to property,crops in Kettaimanagalam reported",IMD,,555,32
UEI-IMD-FL-1988-0046,1988-06-05,1988-06-05,1.0,heavy rains,,Malappuram,Kerala,,,,,,,,,,Damaged to crops at Kallikkau village reported,IMD,,562,32
UEI-IMD-FL-1988-0047,1988-07-18,1988-07-18,1.0,heavy rains,,Idukki,Kerala,,,,,,,,,,"Extensive damaged to property,agriculture reported",IMD,,556,32
UEI-IMD-FL-1988-0048,1988-07-21,1988-07-21,1.0,heavy rains,,Idukki,Kerala,,,,,,,,,,"Loss  to crops product,private,public property reported",IMD,,556,32
UEI-IMD-FL-1988-0049,1988-07-23,1988-07-23,1.0,heavy rains,,Kannur,Kerala,,,,,,,,,,"Extensive damaged to property,agriculture reported",IMD,,557,32
UEI-IMD-FL-1988-0050,1988-08-25,1988-08-25,1.0,heavy rains,,Malappuram,Kerala,,,,,6.0,,,,6 persons died due to landslide,"Public property,crops damaged",IMD,,562,32
UEI-IMD-FL-1988-0051,1988-09-15,1988-09-15,1.0,heavy rains,,Idukki,Kerala,,,,,,,,,,"7 houses completely,35 partially damaged",IMD,,556,32
UEI-IMD-FL-1988-0052,1988-09-22,1988-09-22,1.0,heavy rains,,Kollam,Kerala,,,,,,,,,,Several houses damaged at Sasathancotti village,IMD,,559,32
UEI-IMD-FL-1989-0027,1989-06-08,1989-06-14,7.0,heavy rains,,"Alappuzha,Thrissur",Kerala,,,,,,,,,,"i)400 houses damaged in Arattupuzha,Thrikkunnapuzha villages in Alappuzha while 35 houses damaged in Thrissur ii)Large number of people in Alappuzha shifted to safer places iii)Sea-erosion in Thrissur reported",IMD,,"554, 566",32
UEI-IMD-FL-1989-0028,1989-06-09,1989-06-09,1.0,heavy rains,,Kasaragod,Kerala,,,,,,,,,,"Damage to property,agriculture reported",IMD,,558,32
UEI-IMD-FL-1989-0029,1989-06-11,1989-06-11,1.0,heavy rains,,Kasaragod,Kerala,,,,,,,,,,"i)Large number of houses collapsed ii)Banana plantation,coconut plums destroyed iii)Road along hilly ranges washed away in several places",IMD,,558,32
UEI-IMD-FL-1989-0030,1989-06-11,1989-06-12,2.0,heavy rains,,"Idukki,Kottayam",Kerala,,,,,1.0,,,,1 person died,"Extensive damage to property,agriculture reported",IMD,,"556, 560",32
UEI-IMD-FL-1989-0031,1989-07-16,1989-07-16,1.0,heavy rains,,Idukki,Kerala,,,,,,,,,,Extensive damage to agriculture reported,IMD,,556,32
UEI-IMD-FL-1989-0032,1989-07-18,1989-07-18,1.0,heavy rains,,Pathanamthitta,Kerala,,,,,,,,,,Damage to property reported,IMD,,564,32
UEI-IMD-FL-1989-0033,1989-07-21,1989-07-21,1.0,heavy rains,,Thiruvananthapuram,Kerala,,,,,,,,,,15 houses damaged at Ponmudi,IMD,,565,32
UEI-IMD-FL-1989-0034,1989-07-21,1989-07-22,2.0,heavy rains,,"Alappuzha, Ernakulam, Idukki, Kozhikode, Malappuram,Palakkad",Kerala,,,,,17.0,,,,17 persons of which 11 from Idukki alone died,"i)About 100 houses damaged ii)Extensive damage to property,agriculture reported",IMD,,"554, 555, 556, 561, 562, 563",32
UEI-IMD-FL-1990-0030,1990-05-26,1990-05-26,1.0,heavy rains,,Kozhikode,Kerala,,,,,,,,,,i)Several houses damaged ii)Large number of trees uprooted,IMD,,561,32
UEI-IMD-FL-1990-0031,1990-07-03,1990-07-03,1.0,heavy rains,,"Kannur,Kozhikode",Kerala,,,,,,,,,,"i)43 houses completely,50 others partially collapsed in Kozhikode ii)Communication,vehicular services completely disrupted in Cannanore",IMD,,"557, 561",32
UEI-IMD-FL-1990-0032,1990-11-03,1990-11-03,1.0,heavy rains,,Thiruvananthapuram,Kerala,,,,,,,,,,"60 houses completely,2,600 partially damaged",IMD,,565,32
UEI-IMD-FL-1991-0041,1991-03-09,1991-03-09,1.0,heavy rains,,Kollam,Kerala,,,,,,,,,,Extensive damage to rubber plantation reported,IMD,,559,32
UEI-IMD-FL-1991-0042,1991-05-21,1991-05-21,1.0,heavy rains,,Kozhikode,Kerala,,,,,,,,,,Extensive damage to agriculture reported,IMD,,561,32
UEI-IMD-FL-1991-0043,1991-06-03,1991-06-03,1.0,heavy rains,,Ernakulam,Kerala,,,,,,,,,,i)Century highest rainfall reported ii)Several trees uprooted iii)Train services badly affected iv)Indian Airlines flight to Cochi suspended,IMD,,555,32
UEI-IMD-FL-1991-0044,1991-06-06,1991-06-06,1.0,heavy rains,,"Alappuzha, Idukki, Kasaragod, Kollam, Kottayam, Kozhikode, Palakkad, Pathanamthitta, Thiruvananthapuram,Wayanad",Kerala,,,,,22.0,,,,i)22 persons died ii)Large number of domestic animals perished,"i)Several houses collapsed ii)Agriculture crop,the property worth Rs. 100 crores destroyed",IMD,,"554, 556, 558, 559, 560, 561, 563, 564, 565, 567",32
UEI-IMD-FL-1991-0045,1991-06-09,1991-06-09,1.0,heavy rains,,"Alappuzha,Kozhikode",Kerala,,,,,8.0,,,,8 persons died when a country boat capsized,,IMD,,"554, 561",32
UEI-IMD-FL-1991-0046,1991-06-19,1991-06-19,1.0,heavy rains,,"Ernakulam,Thiruvananthapuram",Kerala,,,,,,,,,,i)About 146 houses partially collapsed ii)Thousands of families shifted to release camp iii)Extensive damage to vegetation reported,IMD,,"555, 565",32
UEI-IMD-FL-1991-0047,1991-07-07,1991-07-07,1.0,heavy rains,,"Kannur, Kollam, Palakkad,Thiruvananthapuram",Kerala,,,,,,,,,,"Extensive damaged to crop,houses reported",IMD,,"557, 559, 563, 565",32
UEI-IMD-FL-1992-0025,1992-05-18,1992-05-19,2.0,heavy rains,,"Alappuzha,Ernakulam",Kerala,,,,,5.0,,,,5 persons died,i)Several houses damaged ii)100 coconut trees uprooted,IMD,,"554, 555",32
UEI-IMD-FL-1992-0026,1992-06-08,1992-06-09,2.0,heavy rains,,"Kasaragod, Wayanad, Kozhikode, Malappuram, Palakkad, Thrissur, Idukki, Ernakulam, Alappuzha, Kottayam, Pathanamthitta, Kollam, Thiruvananthapuram, Kannur",Kerala,,,,,7.0,,,,7 persons died,"i)Low lying areas flooded ii)Extensive damage property,agriculture reported iii)Railway services disrupted due to flooding of railway tracks",IMD,,"558, 567, 561, 562, 563, 566, 556, 555, 554, 560, 564, 559, 565, 557",32
UEI-IMD-FL-1992-0027,1992-07-02,1992-07-02,1.0,heavy rains,,"Kasaragod, Wayanad, Kozhikode, Malappuram, Palakkad, Thrissur, Idukki, Ernakulam, Alappuzha, Kottayam, Pathanamthitta, Kollam, Thiruvananthapuram, Kannur",Kerala,,,,,55.0,,,,55 persons died,Loss estimated to worth Rs. 56 lakh,IMD,,"558, 567, 561, 562, 563, 566, 556, 555, 554, 560, 564, 559, 565, 557",32
UEI-IMD-FL-1992-0028,1992-07-16,1992-07-16,1.0,heavy rains,,"Alappuzha,Kollam",Kerala,,,,,9.0,,,,9 persons reported missing,12 fishing boats capsized,IMD,,"554, 559",32
UEI-IMD-FL-1992-0029,1992-07-27,1992-07-28,2.0,heavy rains,,Ernakulam,Kerala,,,,,1.0,,,,1 child washed away in Putnevelikkara,600 families evacuated to safer places,IMD,,555,32
UEI-IMD-FL-1992-0030,1992-07-28,1992-07-28,1.0,heavy rains,,Thiruvananthapuram,Kerala,,,,,,,,,,200 houses collapsed,IMD,,565,32
UEI-IMD-FL-1992-0031,1992-07-31,1992-07-31,1.0,heavy rains,,Kollam,Kerala,,,,,1.0,,,,1 perosn died,150 houses collapsed,IMD,,559,32
UEI-IMD-FL-1992-0032,1992-08-02,1992-08-02,1.0,heavy rains,,Kollam,Kerala,,,,,,,,,,400 houses damaged at Anchuthengui,IMD,,559,32
UEI-IMD-FL-1992-0033,1992-08-08,1992-08-08,1.0,heavy rains,,"Kollam,Kozhikode",Kerala,,,,,4.0,2.0,,,"i)1 person died,2 other injured when 7 fishing boats capsized at Neendakarin ii)3 persons reported missing at sea in Quilandy area",,IMD,,"559, 561",32
UEI-IMD-FL-1992-0034,1992-10-10,1992-10-11,2.0,heavy rains,,"Alappuzha, Kollam, Pathanamthitta,Thiruvananthapuram",Kerala,,,,,79.0,,,,"60 persons died,19 other reported missing","i)5,000 houses collapsed ii)Railway line submerged disrupting railway services",IMD,,"554, 559, 564, 565",32
UEI-IMD-FL-1993-0022,1993-06-01,1993-06-01,1.0,heavy rains,,"Alappuzha, Ernakulam, Idukki,  Kollam, Pathanamthitta, Thiruvananthapuram,Thrissur",Kerala,,,,,1.0,,,,One child died.,(i) Extensive damage to crop reported. (ii) Hundreds of houses damaged. (iii) Railway track inundated. .,IMD,,"554, 555, 556, 559, 564, 565, 566",32
UEI-IMD-FL-1993-0023,1993-06-13,1993-06-13,1.0,heavy rains,,Alappuzha,Kerala,,,,,,,,,,() 100 houses damaged. (ii) Extensive damage to crop reported.,IMD,,554,32
UEI-IMD-FL-1993-0024,1993-06-18,1993-06-18,1.0,heavy rains,,Thiruvananthapuram,Kerala,,,,,,,,,,(i) 581 houses damaged. (ii) 500 families rendered homeless.,IMD,,565,32
UEI-IMD-FL-1993-0025,1993-07-03,1993-07-03,1.0,heavy rains,,Kottayam,Kerala,,,,,,,,,Several persors injured.,500 people rendered homeless.,IMD,,560,32
UEI-IMD-FL-1993-0026,1993-07-18,1993-07-18,1.0,heavy rains,,Kollam,Kerala,,,,,1.0,1.0,,,"One person died,another reported missing.",4 fishing boats capsized.,IMD,,559,32
UEI-IMD-FL-1993-0027,1993-07-22,1993-07-22,1.0,heavy rains,,Kollam,Kerala,,,,,,1.0,,,One person reported missing.,5 fishing boats capsized.,IMD,,559,32
UEI-IMD-FL-1993-0028,1993-07-26,1993-07-26,1.0,heavy rains,,"Kannur,Thiruvananthapuram",Kerala,,,,,2.0,,,,2 persons died.,(i) 150 houses damaged. (ii) One fishing boat capsized.,IMD,,"557, 565",32
UEI-IMD-FL-1993-0029,1993-07-27,1993-07-27,1.0,heavy rains,,Malappuram,Kerala,,,,,2.0,,,,2 persons died.,One fishing boat capsized.,IMD,,562,32
UEI-IMD-FL-1993-0030,1993-07-28,1993-07-28,1.0,heavy rains,,Thiruvananthapuram,Kerala,,,,,,,,,,(1) Several houses damaged. (ii) Hundreds of coconut trees uprooted.,IMD,,565,32
UEI-IMD-FL-1993-0031,1993-10-06,1993-10-06,1.0,heavy rains,,Kottayam,Kerala,,,,,3.0,10.0,,,"3 persons died,10 others injured.","(i) Extensive damage to agriculture reported. (ii) Electric,telephone services disrupted.",IMD,,560,32
UEI-IMD-FL-1993-0032,1993-10-08,1993-10-08,1.0,heavy rains,,Malappuram,Kerala,,,,,10.0,,,,10 persons died.,"(i) One bridge,several houses damaged. (ii) Extensive damage to agriculture reported.",IMD,,562,32
UEI-IMD-FL-1993-0033,1993-10-09,1993-10-09,1.0,heavy rains,,Palakkad,Kerala,,,,,,,,,,(i) Thousands of plantation/coconut trees uprooted. (ii) Extensive damage to paddy crop reported.,IMD,,563,32
UEI-IMD-FL-1993-0034,1993-10-11,1993-10-11,1.0,heavy rains,,Alappuzha,Kerala,,,,,,,,,,Extensive damage to paddy crop reported.,IMD,,554,32
UEI-IMD-FL-1993-0035,1993-11-10,1993-11-11,2.0,heavy rains,,"Idukki, Kollam,Thiruvananthapuram",Kerala,,,,,3.0,,,,3 persons died.,"(i) 500 houses completely,2,500 partially damaged. 16,000 people evacuated to safer places. (ii) Crop worth Rs. 7.5 lakhs damaged.",IMD,,"556, 559, 565",32
UEI-IMD-FL-1994-0038,1994-05-28,1994-05-28,1.0,heavy rains,,Palakkad,Kerala,,,,,1.0,,,,1 woman washed away at Mannarkad,,IMD,,563,32
UEI-IMD-FL-1994-0039,1994-06-01,1994-06-14,14.0,severe flood,,"Alappuzha, Ernakulam, Idukki, Kasaragod, Kollam, Kottayam, Kozhikode, Malappuram, Palakkad, Pathanamthitta, Thiruvananthapuram,Thrissur",Kerala,,,,,30.0,,,,30 persons died,"i)429 houses completely collapsed,3,380 houses partially damaged ii)Crop worth Rs. 33 lakhs destroyed iii)Many coconut trees/electricity poles uprooted",IMD,,"554, 555, 556, 558, 559, 560, 561, 562, 563, 564, 565, 566",32
UEI-IMD-FL-1994-0040,1994-07-11,1994-07-11,1.0,heavy rains,,Kasaragod,Kerala,,,,,,2.0,,,2 children drowned,"5 houses completely,40 partially damaged",IMD,,558,32
UEI-IMD-FL-1994-0041,1994-07-14,1994-07-15,2.0,heavy rains,,"Idukki,Malappuram",Kerala,,,,,12.0,2.0,,,"12 persons died,2 other injured",,IMD,,"556, 562",32
UEI-IMD-FL-1994-0042,1994-07-14,1994-07-16,3.0,heavy rains,,"Alappuzha, Ernakulam, Idukki, Kozhikode, Malappuram, Palakkad,Thrissur",Kerala,,,,,14.0,50.0,,,"14 persons died,50 other injured",,IMD,,"554, 555, 556, 561, 562, 563, 566",32
UEI-IMD-FL-1994-0043,1994-07-15,1994-07-15,1.0,heavy rains,,"Kannur, Kozhikode, Malappuram, Thiruvananthapuram,Thrissur",Kerala,,,,,4.0,,,,4 persons died,"i)72 houses completely,860 houses partially damaged ii)580 failies shifted to safer places iii)Extensive damage to vegetables reported",IMD,,"557, 561, 562, 565, 566",32
UEI-IMD-FL-1994-0044,1994-07-23,1994-07-23,1.0,heavy rains,,Thrissur,Kerala,,,,,,,,,,Crops in 25 acres of agricultural land destroyed,IMD,,566,32
UEI-IMD-FL-1994-0045,1994-07-31,1994-07-31,1.0,heavy rains,,"Kasaragod, Kollam, Kozhikode, Palakkad, Pathanamthitta,Thiruvananthapuram",Kerala,,,,,,,,,Many persons drowned,"i)Several houses dmaged ii)1,800 families shifted to safer places iii)Vast areas of paddy fields submerged",IMD,,"558, 559, 561, 563, 564, 565",32
UEI-IMD-FL-1994-0046,1994-08-01,1994-08-01,1.0,heavy rains,,"Alappuzha, Thiruvananthapuram,Thrissur",Kerala,,,,,,,,,,"i)35 houses completely,623 houses partially damaged ii)12,000 families shifted to safer places iii)Extensive damage to vegetables reported",IMD,,"554, 565, 566",32
UEI-IMD-FL-1994-0047,1994-08-02,1994-08-02,1.0,heavy rains,,"Ernakulam, Idukki, Kollam, Kottayam,Thiruvananthapuram",Kerala,,,,,3.0,,,,3 persons died,"i)1,000 houses damaged ii)50 families shifted to safer places iii)Railway track between Ernakulam,Kottayam dislocated due to landslides iv)Extensive damage to vegetables reported",IMD,,"555, 556, 559, 560, 565",32
UEI-IMD-FL-1994-0048,1994-08-03,1994-08-09,7.0,heavy rains,,"Alappuzha, Ernakulam, Idukki, Kannur, Kasaragod, Kollam, Kottayam, Pathanamthitta, Thiruvananthapuram,Thrissur",Kerala,,,,,,,,,,i)90 houses damaged ii)Vast tracts of paddy field submerged iii)Extensive damaged to vegetables reported,IMD,,"554, 555, 556, 557, 558, 559, 560, 564, 565, 566",32
UEI-IMD-FL-1994-0049,1994-09-22,1994-09-22,1.0,heavy rains,,Kannur,Kerala,,,,,1.0,,,,1 person reported missing,,IMD,,557,32
UEI-IMD-FL-1994-0050,1994-10-03,1994-10-06,4.0,heav rains,,"Kollam,Thiruvananthapuram",Kerala,,,,,10.0,,,,10 persons injured,25 houses completely damaged,IMD,,"559, 565",32
UEI-IMD-FL-1994-0051,1994-10-11,1994-10-11,1.0,heavy rains,,Idukki,Kerala,,,,,1.0,,,,1 woman died in a house collapse,,IMD,,556,32
UEI-IMD-FL-1994-0052,1994-10-16,1994-10-16,1.0,heavy rains,,Kozhikode,Kerala,,,,,,,,,,Several houses damaged,IMD,,561,32
UEI-IMD-FL-1994-0053,1994-10-24,1994-10-24,1.0,heavy rains,,Kollam,Kerala,,,,,,,,,,Few houses damaged,IMD,,559,32
UEI-IMD-FL-1995-0040,1995-03-28,1995-03-28,1.0,heavy rains,,Pathanamthitta,Kerala,,,,,,,,,,i)One house collapsed ii)Extensive damage to vegetation reported,IMD,,564,32
UEI-IMD-FL-1995-0041,1995-05-07,1995-05-08,2.0,heavy rains,,Kollam,Kerala,,,,,,,,,,i)Low lying areas submerged ii)Electric supply disrupted,IMD,,559,32
UEI-IMD-FL-1995-0042,1995-05-07,1995-05-09,3.0,heavy rains,,"Ernakulam, Idukki, Thiruvananthapuram",Kerala,,,,,3.0,5.0,,,"1 person died, 5 others injured , 1 person died in Idukku, 1 persons died in Thiruvananthapuram","i)Low lying areas submerged ii)250 huts partially damaged ,  16 houses completely,80 partially damaged , 17 houses completely,27 partially damaged",IMD,,"555, 556, 565",32
UEI-IMD-FL-1995-0043,1995-05-07,1995-05-10,4.0,heavy rains,,"Alappuzha,Kottayam",Kerala,,,,,2.0,,,,2 persons died,i)8 houses damaged ii)Agriculture property worth Rs. 20 lakh destroyed iii)191 houses in Kottayam district damaged,IMD,,"554, 560",32
UEI-IMD-FL-1995-0044,1995-05-07,1995-05-11,5.0,heavy rains,,"Kozhikode, Pathanamthitta",Kerala,,,,,,,,,,"7 houses completely,35 partially damaged , i)2 houses completely,one house partially damaged ii)Extensive damaged to vegetation reported",IMD,,"561, 564",32
UEI-IMD-FL-1995-0045,1995-06-13,1995-06-17,5.0,heavy rains,,"Ernakulam, Idukki, Kasaragod, Kollam, Kottayam, Kozhikode, Malappuram,Thiruvananthapuram",Kerala,,,,,2.0,,,,2 women died,i)Several houses damaged ii)Extensive damage to paddy crop reported,IMD,,"555, 556, 558, 559, 560, 561, 562, 565",32
UEI-IMD-FL-1995-0046,1995-06-29,1995-06-29,1.0,heavy rains,,Kasaragod,Kerala,,,,,,,,,,A school shed collapsed,IMD,,558,32
UEI-IMD-FL-1995-0047,1995-07-05,1995-07-12,8.0,heavy rains,,"Idukki, Kasaragod,Kozhikode",Kerala,,,,,,,,,,"i)85 houses fully,198 houses partially damaged ii)Agricultural loss worth Rs. 2 crores reported",IMD,,"556, 558, 561",32
UEI-IMD-FL-1995-0048,1995-07-14,1995-07-18,5.0,heavy rains,,"Idukki, Kottayam,Malappuram",Kerala,,,,,,,,,,i)Low lying areas flooded ii)Several houses damaged iii)Vegetable/coconut trees uprooted iv)Vehicular traffic disrupted,IMD,,"556, 560, 562",32
UEI-IMD-FL-1995-0049,1995-07-21,1995-07-26,6.0,heavy rains,,"Kannur, Kasaragod,Kottayam",Kerala,,,,,,,,,,i)Normal life paralysed ii)Power supply completely disrupted,IMD,,"557, 558, 560",32
UEI-IMD-FL-1995-0050,1995-08-04,1995-08-04,1.0,heavy rains,,Kannur,Kerala,,,,,,,,,,i)200 trees uprooted ii)Extensive damaged to vegetation reported,IMD,,557,32
UEI-IMD-FL-1995-0051,1995-09-02,1995-09-03,2.0,heavy rains,,"Alappuzha, Idukki,Wayanad",Kerala,,,,,2.0,1.0,,,"2 boys died,1 woman injured",i)Low lying areas flooded ii)Many houses collapsed iii)Hundreds of rubber/coconut trees uprooted iv)Extensive damage to vegetation reported,IMD,,"554, 556, 567",32
UEI-IMD-FL-1995-0052,1995-10-07,1995-10-07,1.0,heavy rains,,"Kozhikode,Thiruvananthapuram",Kerala,,,,,1.0,,,,1 person drowned,"i)Many houses,compound walls collapsed ii)Hundreds of cocomut/mango/jackfruit trees uprooted iii)Heavy damage to pepper plants reported",IMD,,"561, 565",32
UEI-IMD-FL-1995-0053,1995-10-15,1995-10-28,14.0,heavy rains,,"Alappuzha, Kollam, Malappuram, Thiruvananthapuram,Wayanad",Kerala,,,,,,,,,,i)Many houses damaged ii)Extensive damage to plantations reported,IMD,,"554, 559, 562, 565, 567",32
UEI-IMD-FL-1995-0054,1995-10-18,1995-10-19,2.0,heavy rains,,"Idukki,Thiruvananthapuram",Kerala,,,,,,,,,,i)2 houses collapsed ii)Loss of agricultural property due to landslide reported,IMD,,"556, 565",32
UEI-IMD-FL-1996-0050,1996-06-03,1996-06-03,1.0,heavy rains,,Kottayam,Kerala,,,,,,,,,,"Widespread damage to property,agriculture at Manimala panchayat areas reported",IMD,,560,32
UEI-IMD-FL-1996-0051,1996-06-13,1996-06-13,1.0,heavy rains,,Thiruvananthapuram,Kerala,,,,,,,,,,"i)100 houses fully,50 partially damaged ii)Widespread damage to private,public property reported",IMD,,565,32
UEI-IMD-FL-1996-0052,1996-06-14,1996-06-15,2.0,heavy rains,,"Alappuzha, Ernakulam, Idukki, Kannur, Kasaragod, Kottayam, Kozhikode, Malappuram, Thrissur, Wayanad",Kerala,,,,,1.0,,,,1 person died at Kozhikode,"i)100 houses fully,300 partially damaged at Ernakulam district ii)29 houses fully,408 partially damaged at Alappuzha iii)100 houses damaged at Idukki iv)Widespread damaged to progerty,agriculture reported",IMD,,"554, 555, 556, 557, 558, 560, 561, 562, 566, 567",32
UEI-IMD-FL-1996-0053,1996-06-16,1996-06-22,7.0,heavy rains,,"Kasaragod, Wayanad, Kozhikode, Malappuram, Palakkad, Thrissur, Idukki, Ernakulam, Alappuzha, Kottayam, Pathanamthitta, Kollam, Thiruvananthapuram, Kannur",Kerala,,,,,24.0,,,,24 persons died,"i)2,500 houses damaged ii)Extensive damage to agriculture crop reported iii)Loss of property worth Rs. 25 crores reported",IMD,,"558, 567, 561, 562, 563, 566, 556, 555, 554, 560, 564, 559, 565, 557",32
UEI-IMD-FL-1996-0054,1996-06-17,1996-06-17,1.0,heavy rains,,Thiruvananthapuram,Kerala,,,,,,,,,,11 houses fully damaged,IMD,,565,32
UEI-IMD-FL-1996-0055,1996-06-20,1996-06-20,1.0,heavy rains,,"Kozhikode, Thiruvananthapuram",Kerala,,,,,2.0,,,,2 persosn died at Mavoor in Kozhikode,"i)250 houses at Pozhiyoor, Paruthiyoor,Kollenkode damaged",IMD,,"561, 565",32
UEI-IMD-FL-1996-0056,1996-07-20,1996-07-21,2.0,heavy rains,,"Idukki, Pathanamthitta",Kerala,,,,,,,,,,"Widespread damage to property,agriculture reported",IMD,,"556, 564",32
UEI-IMD-FL-1996-0057,1996-07-24,1996-07-24,1.0,heavy rains,,"Idukki, Kozhikode",Kerala,,,,,,,,,,"i)27 houses partially damaged ii)Widespread damage to property,agriculture reported",IMD,,"556, 561",32
UEI-IMD-FL-1996-0058,1996-08-08,1996-08-08,1.0,heavy rains,,Thiruvananthapuram,Kerala,,,,,,,,,,"4 houses daaged at Kadinamkulam,Puthakurichy area",IMD,,565,32
UEI-IMD-FL-1996-0059,1996-08-12,1996-08-12,1.0,heavy rains,,Idukki,Kerala,,,,,,,,,1 child died,"Widespread damaged to property,agriculture reported",IMD,,556,32
UEI-IMD-FL-1996-0060,1996-08-23,1996-08-23,1.0,heavy rains,,Kottayam,Kerala,,,,,,,,,,"Widespread damaged to property,agriculture at Thalanadu Panchayat reported",IMD,,560,32
UEI-IMD-FL-1996-0061,1996-09-11,1996-09-11,1.0,heavy rains,,Idukki,Kerala,,,,,,,,,,"Widespread damaged to property,agriculture at Cheruli,Chelachuvadu reported",IMD,,556,32
UEI-IMD-FL-1997-0040,1997-05-07,1997-05-07,1.0,heavy rains,,Kottayam,Kerala,,,,,,,,,,i)Damage to property reported ii)Road traffic disrupted due to landslide iii)Loss of vegetables reported,IMD,,560,32
UEI-IMD-FL-1997-0041,1997-06-30,1997-06-30,1.0,heavy rains,,Ernakulam,Kerala,,,,,,,,,,i)Normal life disrupted ii)Rail traffic disrupted following heavy water iii)250 families shidted to safer places,IMD,,555,32
UEI-IMD-FL-1997-0042,1997-07-01,1997-07-12,12.0,heavy rains,,"Kannur, Kasaragod, Kottayam, Kozhikode, Malappuram, Thiruvananthapuram",Kerala,,,,,30.0,,,,30 persons died,Logging of tracks between Aluwa - Ernakulam. Estimated loss to property worth crores of rupees reported,IMD,,"557, 558, 560, 561, 562, 565",32
UEI-IMD-FL-1997-0043,1997-07-20,1997-07-24,5.0,heavy rains,,"Idukki, Kottayam",Kerala,,,,,18.0,,,,i)18 villagers including 5 women buried alive in massive landslide at Mannankandom ii)Many persons injured,"i)Landslides reported ii)Widespread damage to property,agriculture reported",IMD,,"556, 560",32
UEI-IMD-FL-1997-0044,1997-07-24,1997-07-26,3.0,heavy rains,,"Alappuzha, Malappuram",Kerala,,,,,,3.0,,,3 persons injured in Poyikavu area,"i)56 houses fully,2654 partially damaged ii)Damage to agricultural land,property reported",IMD,,"554, 562",32
UEI-IMD-FL-1997-0045,1997-08-08,1997-08-10,3.0,heavy rains,,"Malappuram, Thiruvananthapuram,Thrissur",Kerala,,,,,,,,,,6 houses collapsed,IMD,,"562, 565, 566",32
UEI-IMD-FL-1997-0046,1997-09-12,1997-09-12,1.0,heavy rains,,Kottayam,Kerala,,,,,,,,,,"i)Landslides reported ii)Widespread damage to property,agriculture reported iii)Road at Moonnilavu Panchayat washed away",IMD,,560,32
UEI-IMD-FL-1997-0047,1997-09-22,1997-09-22,1.0,heavy rains,,Thiruvananthapuram,Kerala,,,,,,,,,,"i)Number of houses collapsed ii)Damage to agriculture,property reported at Vamanapuram",IMD,,565,32
UEI-IMD-FL-1997-0048,1997-11-03,1997-11-11,9.0,heavy rains,,"Alappuzha, Idukki, Kottayam, Malappuram,Pathanamthitta",Kerala,,,,,7.0,2.0,,,"7 persons died,2 other injured",i)Trees/electricity/telephone lines uprooted ii)Damage to many houses reported,IMD,,"554, 556, 560, 562, 564",32
UEI-IMD-FL-1997-0049,1997-11-28,1997-11-28,1.0,heavy rains,,Idukki,Kerala,,,,,,,,,,i)One bridge collapsed ii)Damage to agriculture reported,IMD,,556,32
UEI-IMD-FL-1997-0050,1997-12-16,1997-12-16,1.0,heavy rains,,Ernakulam,Kerala,,,,,2.0,,,,2 children died,One house collapsed,IMD,,555,32
UEI-IMD-FL-1998-0055,1998-05-15,1998-05-15,1.0,heavy rains,,Thiruvananthapuram,Kerala,,,,,,,,,,"Widespread damaged to houses,trees reported",IMD,,565,32
UEI-IMD-FL-1998-0056,1998-06-28,1998-06-28,1.0,heavy rains,,Idukki,Kerala,,,,,,,,,,"Widespread damaged to houses, trees, crops,also to telegraphic,electric poles reported",IMD,,556,32
UEI-IMD-FL-1998-0057,1998-07-02,1998-07-06,5.0,heavy rains,,"Idukki, Kasaragod, Kottayam, Malappuram, Palakkad, Thiruvananthapuram,Wayanad",Kerala,,,,,45.0,,,,45 people died,"Widespread damaged to houses, trees, electric lines,rubber plantation",IMD,,"556, 558, 560, 562, 563, 565, 567",32
UEI-IMD-FL-1998-0058,1998-07-12,1998-07-15,4.0,heavy rains,,"Ernakulam, Idukki, Malappuram, Pathanamthitta,Thrissur",Kerala,,,,,5.0,,,,"4 persons,1 child died",Several houses damaged,IMD,,"555, 556, 562, 564, 566",32
UEI-IMD-FL-1998-0059,1998-10-10,1998-10-17,8.0,severe floods,,"Kollam, Kottayam, Kozhikode, Malappuram, Pathanamthitta, Thiruvananthapuram,Wayanad",Kerala,,,,,44.0,,,,44 persons died,i)Widespread loss to crops reported ii)One bridge damaged in Kollam iii)1039 houses damaged iv)Property worth crores of rupees damaged,IMD,,"559, 560, 561, 562, 564, 565, 567",32
UEI-IMD-FL-1998-0060,1998-11-01,1998-11-05,5.0,heavy rains,,"Idukki,Thiruvananthapuram",Kerala,,,,,,3.0,,,3 persons injured in landslide,"i)45 houses fully,154 partially damaged due to landslides ii)Widespread loss to crops reported iii)Train service between Nagarcoil,Thiruvananthapuram dislocated",IMD,,"556, 565",32
UEI-IMD-FL-1998-0061,1998-11-11,1998-11-12,2.0,heavy rains,,"Palakkad,Pathanamthitta",Kerala,,,,,,,,,,"A few houses,one bridge damaged",IMD,,"563, 564",32
UEI-IMD-FL-1999-0043,1999-02-05,1999-02-05,1.0,heavy rains,,Kollam,Kerala,,,,,4.0,,,,4 person injured,"Widespread damaged to crops, trees, electricity,telephone line reported",IMD,,559,32
UEI-IMD-FL-1999-0044,1999-05-25,1999-05-28,4.0,heavy rains,,"Idukki,Kottayam",Kerala,,,,,1.0,,,,1 person died,Landslides reported from Idukki,IMD,,"556, 560",32
UEI-IMD-FL-1999-0045,1999-06-07,1999-06-12,6.0,heavy rains,,"Kasaragod, Wayanad, Kozhikode, Malappuram, Palakkad, Thrissur, Idukki, Ernakulam, Alappuzha, Kottayam, Pathanamthitta, Kollam, Thiruvananthapuram, Kannur",Kerala,,,,,18.0,80.0,,,"18 persons died,more than 80 injured","i)Rail/Road service dislocated ii)Many houses damaged iii)Widespread damage to property,agriculture reported",IMD,,"558, 567, 561, 562, 563, 566, 556, 555, 554, 560, 564, 559, 565, 557",32
UEI-IMD-FL-1999-0046,1999-06-16,1999-06-20,5.0,heavy rains,,"Ernakulam, Idukki, Kasaragod, Kozhikode, Malappuram, Palakkad,Pathanamthitta",Kerala,,,,,14.0,,,,14 persons died out of which 5 died in a house collapse,"i)Kuttiyadi canal-wall collapsed ii)Many houses damaged iii)Widespread damage to crops,property reported",IMD,,"555, 556, 558, 561, 562, 563, 564",32
UEI-IMD-FL-1999-0047,1999-07-17,1999-07-31,15.0,heavy rains,,"Idukki, Kannur, Kasaragod, Kollam, Palakkad, Pathanamthitta, Thiruvananthapuram,Thrissur",Kerala,,,,,19.0,6.0,,,"19 persons died,6 injured in different icidence of house collapse","i)Landslides from various places reported ii)Many trees/electric poles uprooted iii)Widespread loss of property,agriculture reported",IMD,,"556, 557, 558, 559, 563, 564, 565, 566",32
UEI-IMD-FL-1999-0048,1999-08-02,1999-08-02,1.0,heavy rains,,"Kasaragod, Kozhikode,Malappuram",Kerala,,,,,3.0,,,,3 persons died,,IMD,,"558, 561, 562",32
UEI-IMD-FL-1999-0049,1999-10-09,1999-10-09,1.0,heavy rains,,Kannur,Kerala,,,,,2.0,,,,2 persons died in a landslide near Nadapuram,i)Landslides reported ii)A few houses destroyed,IMD,,557,32
UEI-IMD-FL-1999-0050,1999-10-18,1999-10-22,5.0,heavy rains,,"Kasaragod, Wayanad, Kozhikode, Malappuram, Palakkad, Thrissur, Idukki, Ernakulam, Alappuzha, Kottayam, Pathanamthitta, Kollam, Thiruvananthapuram, Kannur",Kerala,,,,,21.0,,,,21 persons died,"i)1218 houses/huts damaged ii)Widespread damage to property,agriculture reported",IMD,,"558, 567, 561, 562, 563, 566, 556, 555, 554, 560, 564, 559, 565, 557",32
UEI-IMD-FL-2000-0062,2000-04-08,2000-04-08,1.0,heavy rains,,Thiruvananthapuram,Kerala,,,,,2.0,5.0,,,"2 women died,5 persons injured",,IMD,,565,32
UEI-IMD-FL-2000-0063,2000-06-08,2000-06-14,7.0,heavy rains,,"Alappuzha, Idukki,Kannur",Kerala,,,,,,2.0,,,2 persons drowned,"(i) Sebveral houses collapsed. A church building collapsed (ii) Widespread damage to agriculture,property reported",IMD,,"554, 556, 557",32
UEI-IMD-FL-2000-0064,2000-06-17,2000-06-17,1.0,heavy rains,,Alappuzha,Kerala,,,,,,,,,,A rice mill collapsed,IMD,,554,32
UEI-IMD-FL-2000-0065,2000-07-01,2000-07-01,1.0,heavy rains,,Kasaragod,Kerala,,,,,1.0,,,,1 person died,"About 650 houses fully,more than 5000 partially collapsed",IMD,,558,32
UEI-IMD-FL-2000-0066,2000-07-07,2000-07-10,4.0,heavy rains,,"Idukki, Kollam, Pathanamthitta,Thiruvananthapuram",Kerala,,,,,63.0,15.0,,,"63 persons died,more than 15 iunjured","(i) About 180 houses fully,2500 houses partially collapsed (ii) widespread damage to property,agriculture reportd",IMD,,"556, 559, 564, 565",32
UEI-IMD-FL-2000-0067,2000-08-08,2000-08-08,1.0,heavy rains,,Kottayam,Kerala,,,,,,12.0,,,"2 fishermen drowned,10 students injured under a school building at Kumarakom",One school building collapsed,IMD,,560,32
UEI-IMD-FL-2000-0068,2000-08-22,2000-08-28,7.0,heavy rains,,"Alappuzha, Idukki, Kannur, Kasaragod, Kollam, Kottayam, Kozhikode, Malappuram, Palakkad, Pathanamthitta, Thiruvananthapuram, Thrissur,Wayanad",Kerala,,,,,37.0,,,,"37 people died,a few injured",(i) Widespread damage to crops repoted (ii) Many houses collapsed/damaged,IMD,,"554, 556, 557, 558, 559, 560, 561, 562, 563, 564, 565, 566, 567",32
UEI-IMD-FL-2001-0048,2001-04-07,2001-04-07,1.0,heavy rains,,"Kottayam,Kozhikode",Kerala,,,,,,,,,,"Widespread damage to property,agriculture reported",IMD,,"560, 561",32
UEI-IMD-FL-2001-0049,2001-05-26,2001-05-26,1.0,heavy rains,,"Alappuzha, Kollam,Kozhikode",Kerala,,,,,,1.0,,,1 person reported missing,"100 houses collapsed in Kollam,3 others in two districts",IMD,,"554, 559, 561",32
UEI-IMD-FL-2001-0050,2001-06-08,2001-06-08,1.0,heavy rains,,Kasaragod,Kerala,,,,,1.0,,,,1 person died,,IMD,,558,32
UEI-IMD-FL-2001-0051,2001-06-15,2001-06-21,7.0,heavy rains,,"Alappuzha, Kollam, Kozhikode, Malappuram,Wayanad",Kerala,,,,,5.0,3.0,,,"5 persons including 1 child died,3 persons missing",,IMD,,"554, 559, 561, 562, 567",32
UEI-IMD-FL-2001-0052,2001-07-08,2001-07-14,7.0,heavy rains,,"Alappuzha, Idukki, Kollam, Kottayam, Thiruvananthapuram,Thrissur",Kerala,,,,,22.0,,,,"22 persons died in Idukki dist. due to landslides,other incidences","(i) Landslides reported (ii)Widespread damage to property,,crops reported (iii) Damage to 210 houses also reported",IMD,,"554, 556, 559, 560, 565, 566",32
UEI-IMD-FL-2001-0053,2001-09-22,2001-09-25,4.0,heavy rains,,Thiruvananthapuram,Kerala,,,,,,5.0,,,5 persons injured,"(i)2144 houses damaged (ii) Widespread damage to agriculture,property reported",IMD,,565,32
UEI-IMD-FL-2001-0054,2001-11-10,2001-11-10,1.0,heavy rains,,Thiruvananthapuram,Kerala,,,,,40.0,,,,40 persons died in a landslide at Poochmukki near Neyyar dam from Kurisumala Hills; a few others injured,"(i) Landslides reported (ii) Electricity supply was totally cut (iii)4 houses completely collapsed (iv)Police, army,fire brigade officials called for rescue operations",IMD,,565,32
UEI-IMD-FL-2002-0030,2002-06-11,2002-06-13,3.0,heavy rains,,"Kollam, Kozhikode,Thrissur",Kerala,,,,,2.0,,,,2 persons died,Damages to several houses reported,IMD,,"559, 561, 566",32
UEI-IMD-FL-2002-0031,2002-07-12,2002-07-12,1.0,heavy rains,,Kannur,Kerala,,,,,1.0,,,,1 person died due to landslide,"(i)Laandslides reported (ii) Widespread damage to crops,property reported",IMD,,557,32
UEI-IMD-FL-2002-0032,2002-08-16,2002-08-16,1.0,heavy rains,,"Kottayam, Kozhikode,Palakkad",Kerala,,,,,3.0,,,,3 persons died,"Widespread damage to crops,property reported",IMD,,"560, 561, 563",32
UEI-IMD-FL-2002-0033,2002-10-12,2002-10-13,2.0,heavy rains,,Kasaragod,Kerala,,,,,2.0,2.0,,,"2 persons died,2 reported missing",Damage to property in Kumbala,IMD,,558,32
UEI-IMD-FL-2002-0034,2002-10-13,2002-10-16,4.0,heavy rains,,"Kannur, Kasaragod, Kozhikode,Thiruvananthapuram",Kerala,,,,,11.0,,,,11 pesons died,(i)Nearly half a dozen landslides reported in Kannur (ii)Hundreds of houses damaged (iii)Thousands of people marooned. 3000 families shifted to safer places (iv) Widespread damages to agricultura also reported,IMD,,"557, 558, 561, 565",32
UEI-IMD-FL-2003-0045,2003-06-18,2003-06-24,7.0,heavy rains,,"Kannur, Kasaragod, Kozhikode,Thiruvananthapuram",Kerala,,,,,6.0,3.0,,,"6 persons died,3 Children injured in different incidents of drowning/ house collapse","(i)Several houses completely/ partially collapsed/ damaged (ii)Many trees uprooted (iii)The enclosure wall of a well collapsed,the well reported sank in Kozhikode district",IMD,,"557, 558, 561, 565",32
UEI-IMD-FL-2003-0046,2003-07-04,2003-07-04,1.0,heavy rains,,Kottayam,Kerala,,,,,1.0,,,,1 person died due to shop collapse,,IMD,,560,32
UEI-IMD-FL-2003-0047,2003-07-06,2003-07-06,1.0,heavy rains,,"Kasaragod, Kottayam,Palakkad",Kerala,,,,,4.0,2.0,,,"4 persons died,2 other injured in different incidents of drowning/ house collapse in Kottayam,Palakkad dist",A few houses collapsed in Kasaragod dist,IMD,,"558, 560, 563",32
UEI-IMD-FL-2003-0048,2003-07-15,2003-07-15,1.0,heavy rains,,Kasaragod,Kerala,,,,,,1.0,,,1 person drowned,,IMD,,558,32
UEI-IMD-FL-2003-0049,2003-10-02,2003-10-02,1.0,heavy rains,,Thrissur,Kerala,,,,,,2.0,,,2 students washed away,,IMD,,566,32
UEI-IMD-FL-2003-0050,2003-10-05,2003-10-07,3.0,heavy rains,,"Idukki, Kollam,Thiruvananthapuram",Kerala,,,,,1.0,3.0,,,"1 person died,3 others injured due to house collapse/ tree collapse in Kollam dist","(i)Landslide reported in Kollam district (ii)Around 65 houses partially/completely damaged in Idukki,Thiruvananthapuram dist. (iii) Rail services disrupted du to falling of trees over rail track in Thiruvananthapuram dist.",IMD,,"556, 559, 565",32
UEI-IMD-FL-2003-0051,2003-10-23,2003-10-23,1.0,heavy rains,,Palakkad,Kerala,,,,,,,,,,50 acres of agriculture damaged,IMD,,563,32
UEI-IMD-FL-2004-0034,2004-06-04,2004-06-18,15.0,heavy rains,,"Idukki, Kannur, Kollam, Kottayam, Kozhikode, Malappuram, Palakkad , Thrissur,Thiruvananthapuram",Kerala,,,,,25.0,5.0,,,"25 persons died, 3 injured,2 reported missing in separate incidents of landslide,drowning","(i)Landslide reported (ii)Wayanad mountain pass blocked (iii)Widespread damage to agriculture reported (iv)Many houses including  a school building collapsed,many other damaged",IMD,,"556, 557, 559, 560, 561, 562, 563, 566, 565",32
UEI-IMD-FL-2004-0035,2004-07-04,2004-07-04,1.0,heavy rains,,Kannur,Kerala,,,,,,,,,,"(i)Landslide reported (ii) A few houses damaged (iii)50 acres of agriculture damaged (iv) 5 bridges collapsed,a few roads damaged",IMD,,557,32
UEI-IMD-FL-2004-0036,2004-07-07,2004-07-09,3.0,heavy rains,,"Thiruvananthapuram,Wayanad",Kerala,,,,,,1.0,,,1 person drowned in Thriuvananthapuram dist,(i)Widespread damage to agriculture reported (ii)A few roads damaged,IMD,,"565, 567",32
UEI-IMD-FL-2004-0037,2004-07-19,2004-07-19,1.0,heavy rains,,Thiruvananthapuram,Kerala,,,,,,,,,,"50 houses completely,500 partially damaged",IMD,,565,32
UEI-IMD-FL-2004-0038,2004-08-03,2004-08-08,6.0,heavy rains,,"Idukki, Kannur, Kasaragod, Kollam, Kozhikode, Malappuram, Palakkad,Wayanad",Kerala,,,,,31.0,29.0,,,"31 persons died, 29 injured,5 reported missing","(i)More thean 2000 houses damaged/destroyed (ii)Roads also damaged (iii)Damage to crops also reported (iv)Checkdam at Pothumattom in Idukki dist, collapsed",IMD,,"556, 557, 558, 559, 561, 562, 563, 567",32
UEI-IMD-FL-2004-0039,2004-10-04,2004-10-04,1.0,heavy rains,,"Alappuzha, Ernakulam,Thrissur",Kerala,,,,,2.0,,,,2 persons died,(i)64 houses partially damaged (ii)Thousands of acres of 'Karippadom' submerged. Rice fields submerged,IMD,,"554, 555, 566",32
UEI-IMD-FL-2005-0066,2005-02-01,2005-02-01,1.0,heavy rains,,Thiruvananthapuram,Kerala,,,,,2.0,,,,2 persons died,(i)Landslide reported in Kallar (ii)Damage to agriculture reported,IMD,,565,32
UEI-IMD-FL-2005-0067,2005-03-15,2005-03-15,1.0,heavy rains,,Thiruvananthapuram,Kerala,,,,,,,,,,"Damage to agriculture in Vellaroda, Chamavalla,Mundandri reported",IMD,,565,32
UEI-IMD-FL-2005-0068,2005-04-04,2005-04-04,1.0,heavy rains,,Southern parts,Kerala,,,,,,,,,,(i)Low lying areas flooded (ii)Vehicular traffic disrupted,IMD,,,32
UEI-IMD-FL-2005-0069,2005-04-06,2005-04-06,1.0,heavy rains,,"Thiruvananthapuram,Wayanad",Kerala,,,,,,2.0,,,2 women injured in house collapse in Elakaman in Varkala taluk,"1 bridge collapsed in Papanasam in Varkala taluk,1 building damaged in Sultanbattery",IMD,,"565, 567",32
UEI-IMD-FL-2005-0070,2005-04-12,2005-04-12,1.0,heavy rains,,Thiruvananthapuram,Kerala,,,,,,,,,,"In Kilimanoor:(i)Many rubber trees uprooted (ii)Damage to plantain,other agricultural property reported (iii) 1 house collapsed",IMD,,565,32
UEI-IMD-FL-2005-0071,2005-04-15,2005-04-28,14.0,heavy rains,,"Thiruvananthapuram,Wayanad",Kerala,,,,,2.0,2.0,,,,"(i)2000 plantains damaged (ii)Damage to rubber,other agricultural property reported (iii)Damage to hundreds of houses reported in Kattakkada (iv)Electric/telephone lines disrupted",IMD,,"565, 567",32
UEI-IMD-FL-2005-0072,2005-05-02,2005-05-02,1.0,heavy rains,,Wayanad,Kerala,,,,,,,,,,In Sultan Battery:(i)Many trees uprooted (ii)Vehicular traffic disrupted (iii)Telephone lines disrupted (iv)1 house completely damaged in Ambalavayal,IMD,,567,32
UEI-IMD-FL-2005-0073,2005-05-17,2005-05-17,1.0,moderate flood,,Thiruvananthapuram,Kerala,,,,,,,,,,(i)100 houses completely flooded (ii)10 houses collapsed due to sea erosion,IMD,,565,32
UEI-IMD-FL-2005-0074,2005-05-29,2005-05-29,1.0,heavy rains,,Wayanad,Kerala,,,,,,,,,,Widespread damage to plantain in Sultanbattery reported,IMD,,567,32
UEI-IMD-FL-2005-0075,2005-06-01,2005-06-14,14.0,heavy rains,,"Kollam, Thiruvananthapuram,Wayanad",Kerala,,,,,2.0,,,,2 persons died,In Pulpalli:(i)19 houses collapsed (ii)Damage to agriculture reported (iii)Electric supply disrupted due to uprooting trees in Kalpetta,IMD,,"559, 565, 567",32
UEI-IMD-FL-2005-0076,2005-06-15,2005-06-28,14.0,heavy rains,,"Alappuzha, Ernakulam, Kannur, Kasaragod, Kollam, Kottayam, Palakkad,Thiruvananthapuram",Kerala,,,,,7.0,,,,7 persons including 1 woman died,(i)Widespread damage to plantain in Mancompu reported (ii)130 houses completely damaged (iii)166 families shifted to relief camp,IMD,,"554, 555, 557, 558, 559, 560, 563, 565",32
UEI-IMD-FL-2005-0077,2005-07-01,2005-07-01,1.0,heavy rains,,Kozhikode,Kerala,,,,,1.0,,,,1 child died in Atholi,(i)Landslide reported in Kakkayam (ii)Widespread damaget to property reported in Atholi (iii)Road transportation disrupted,IMD,,561,32
UEI-IMD-FL-2005-0078,2005-07-01,2005-07-01,1.0,heavy rains,,Kollam,Kerala,,,,,5.0,,,,5 fishermen missing,6 fishing boats capsized,IMD,,559,32
UEI-IMD-FL-2005-0079,2005-07-01,2005-07-01,1.0,heavy rains,,,Kerala,,,,,,,,,,"(i)236 houses partially,12 houses completely damaged (ii)Widespread damage to agriculture reported",IMD,,,32
UEI-IMD-FL-2005-0080,2005-07-07,2005-07-07,1.0,heavy rains,,"Kozhikode, Malappuram,Wayanad",Kerala,,,,,,1.0,,,1 woman missing in Kuttayadi,"(i)Landslide reported (ii)46 houses completely,50 houses partially damaged (iii)In Areekode, 3 houses completely damaged (iv) 175 families were shifted to relief camp in Thariyode",IMD,,"561, 562, 567",32
UEI-IMD-FL-2005-0081,2005-07-20,2005-07-20,1.0,heavy rains,,Kozhikode,Kerala,,,,,,,,,,(i)Landslide reported in Karoom (ii)Extensive damage to agriculture reported,IMD,,561,32
UEI-IMD-FL-2005-0082,2005-07-22,2005-07-28,7.0,heavy rains,,"Alappuzha, Ernakulam, Idukki, Kollam, Kottayam, Thiruvananthapuram, Thrissur,Wayanad",Kerala,,,,,28.0,14.0,,,"28 persons including 4 women,3 children died,14 injured","(i)Landslide reported (ii)595 houses completely,3062 houses partially damaged (iii)Hundreds of acres of farm dield flooded (iv)Widespread damage to agriculture reported (v)3 bridges washed away in Ambalavayal",IMD,,"554, 555, 556, 559, 560, 565, 566, 567",32
UEI-IMD-FL-2005-0083,2005-09-07,2005-09-07,1.0,heavy rains,,Thiruvananthapuram,Kerala,,,,,,,,,,1 house completely damaged in Kilimanoor,IMD,,565,32
UEI-IMD-FL-2005-0084,2005-10-02,2005-10-02,1.0,heavy rains,,Wayanad,Kerala,,,,,,,,,,Water entered in 13 houses in Sultan Battery,IMD,,567,32
UEI-IMD-FL-2005-0085,2005-10-07,2005-10-07,1.0,heavy rains,,Wayanad,Kerala,,,,,,,,,,"Widespread damage to plantain,other agriculture in Pusppali reported",IMD,,567,32
UEI-IMD-FL-2005-0086,2005-10-08,2005-10-14,7.0,heavy rains,,"Kollam, Thiruvananthapuram,Wayanad",Kerala,,,,,1.0,,,,1 fisherman died in Ochira,"(i) 1 bridge collapsed in Sultanbattery (ii) 2 houses completely damaged,3 partially damaged",IMD,,"559, 565, 567",32
UEI-IMD-FL-2005-0087,2005-10-22,2005-10-23,2.0,heavy rains,,"Kannur,Wayanad",Kerala,,,,,,,,,,"(i)Extensive damage to agriculture reported (ii)1 house completely,8 houses partially damaged",IMD,,"557, 567",32
UEI-IMD-FL-2005-0088,2005-11-08,2005-11-14,7.0,heavy rains,,Ernakulam ant Thiruvananthapuram,Kerala,,,,,,,,,,(i)Ship berth in Mattancherry-Warf collapsed (ii)Around 50 houses flooded in Chirayankil,IMD,,,32
UEI-IMD-FL-2005-0089,2005-12-08,2005-12-15,8.0,heavy rains,,Thiruvananthapuram,Kerala,,,,,,1.0,,,An old woman injured,"(i)63 houses completely,30 houses partially damaged (ii)Extensive damage to agriculture reported (iii) 2100 families shifted to relief camps",IMD,,565,32
UEI-IMD-FL-2006-0046,2006-03-05,2006-03-05,1.0,heavy rains,,Wayanad,Kerala,,,,,,18.0,,,"In Sultanbattery, 18 per sons injured due to bus collapsed.",,IMD,,567,32
UEI-IMD-FL-2006-0047,2006-05-23,2006-05-23,1.0,heavy rains,,Kozhikode,Kerala,,,,,1.0,,,,One person died.,Landslide reported.,IMD,,561,32
UEI-IMD-FL-2006-0048,2006-05-27,2006-05-29,3.0,heavy rains,,"Alappuzha, Kannur, Kasaragod, Kollam, Kottayam, Kozhikode, Malappuram, Thiruvananthapuram,Thrissur,Wayanad",Kerala,,,,,2.0,12.0,,,"2 persons died,12 persons injured.","i) 120 houses completely,1038 partially damaged. ii) Extensive damage to agriculture reported. iii) Many trees uprooted. iv) 2 fishing boats collapsed",IMD,,"554, 557, 558, 559, 560, 561, 562, 565, 566, 567",32
UEI-IMD-FL-2006-0049,2006-06-01,2006-06-01,1.0,heavy rains,,"Alappuzha, Ernakulam, Kannur, Kollam, Kozhikode, Palakkad, Thrissur,Wayanad",Kerala,,,,,10.0,3.0,,,"10 persons died,3 other missing.","i) Around 25 acres of paddy,plantains in 106 hectares of land destroyed. ii) Extensive damage to agriculture reported.",IMD,,"554, 555, 557, 559, 561, 563, 566, 567",32
UEI-IMD-FL-2006-0050,2006-06-23,2006-06-25,3.0,heavy rains,,"Alappuzha, Kozhikode, Malappuram,Thiruvananthapuram",Kerala,,,,,3.0,2.0,,,"3 persons died,2 other missing.","i) 19 houses completely,5 partially damaged. ii) Extensive damage to agriculture reported. iii) Schedule of air services disrupted.",IMD,,"554, 561, 562, 565",32
UEI-IMD-FL-2006-0051,2006-06-29,2006-06-29,1.0,heavy rains,,Malappuram,Kerala,,,,,,,,,,Schedule of air services disrupted.,IMD,,562,32
UEI-IMD-FL-2006-0052,2006-07-01,2006-07-03,3.0,heavy rains,,"Kannur,Wayanad",Kerala,,,,,1.0,,,,One person died.,"i) 2 houses completely,74 houses partially damaged. ii) Extensive damage to agriculture in 84.2 hectares reported",IMD,,"557, 567",32
UEI-IMD-FL-2006-0053,2006-07-04,2006-07-04,1.0,heavy rains,,"Malikkeri,Wayanad",Kerala,,,,,6.0,1.0,,,"4 children,2 women died,a girl injured.","i) Landslide reported. ii) 78 houses completely,266 houses partially damaged. iii) Extensive damage to agriculture reported.",IMD,,"None, 567",32
UEI-IMD-FL-2006-0054,2006-07-05,2006-07-06,2.0,heavy rains,,Wayanad,Kerala,,,,,,,,,,"i) 97 houses collapsed. 2 houses completely,154 houses partially damaged. ii) Low lying areas flooded. iii) Extensive damage to agriculture reported.",IMD,,567,32
UEI-IMD-FL-2006-0055,2006-08-13,2006-08-13,1.0,heavy rains,,Wayanad,Kerala,,,,,,,,,,i) One house completely damaged. ii) Low lying areas flooded.,IMD,,567,32
UEI-IMD-FL-2006-0056,2006-09-22,2006-09-22,1.0,flash flood,,Thiruvananthapuram,Kerala,,,,,,,,,,i) Low lying areas flooded. ii) Extensive damage to agriculture reported. iii) Hundreds of families shifted to relief camp.,IMD,,565,32
UEI-IMD-FL-2006-0057,2006-09-25,2006-09-27,3.0,heavy rains,,"Kollam, Kottayam, Palakkad, Pathanamthitta,Thiruvananthapuram",Kerala,,,,,2.0,,,,2 women died.,"i) 82 houses completely,273 houses partially damaged. ii) Extensive damage to agriculture reported. iii) Low lying areas flooded.",IMD,,"559, 560, 563, 564, 565",32
UEI-IMD-FL-2006-0058,2006-10-18,2006-10-18,1.0,heavy rains,,Thiruvananthapuram,Kerala,,,,,,,,,,i) Low lying areas flooded. ii) Electric lines disrupted.,IMD,,565,32
UEI-IMD-FL-2006-0059,2006-10-28,2006-10-29,2.0,heavy rains,,Thiruvananthapuram,Kerala,,,,,2.0,6.0,,,"2 persons died in Kattakkada, 2 persons missing,4 other injured.","i) 22 houses completely,598 houses partially damaged. ii) Low lying areas flooded. iii) 2 fishing boats damaged. iv) Widespread damage to agriculture reported",IMD,,565,32
UEI-IMD-FL-2006-0060,2006-11-04,2006-11-04,1.0,heavy rains,,Wayanad,Kerala,,,,,,,,,,i) Electric/telephone lines affected. ii) Low lying areas inundated.,IMD,,567,32
UEI-IMD-FL-2006-0061,2006-11-08,2006-11-08,1.0,heavy rains,,Thiruvananthapuram,Kerala,,,,,,,,,,One bridge damaged in Nedumangad.,IMD,,565,32
UEI-IMD-FL-2006-0062,2006-11-21,2006-11-21,1.0,heavy rains,,Thiruvananthapuram,Kerala,,,,,,,,,,i) Low lying areas flooded. ii) Road transport disrupted.,IMD,,565,32
UEI-IMD-FL-2006-0063,2006-11-25,2006-11-25,1.0,heavy rains,,Kottayam,Kerala,,,,,1.0,,,,One person died in Jhalanadu.,Landslide reported.,IMD,,560,32
UEI-IMD-FL-2007-0077,2007-02-26,2007-02-26,1.0,heavy rains,,Kollam,Kerala,,,,,2.0,5.0,,,"2 persons died,5 injured.",A cashew nut factory completely damaged.,IMD,,559,32
UEI-IMD-FL-2007-0078,2007-04-21,2007-04-21,1.0,moderate flood,,Wayanad,Kerala,,,,,,,,,,i) Roads flooded. ii) Roofs of houses collapsed. iii) Electric lines disrupted.,IMD,,567,32
UEI-IMD-FL-2007-0079,2007-06-07,2007-06-07,1.0,heavy rains,,Wayanad,Kerala,,,,,,,,,,"i) Extensive damage to buildings,agriculture reported. ii) 600 plantains destroyed, rubber trees broken,coconut & palm trees uprooted.",IMD,,567,32
UEI-IMD-FL-2007-0080,2007-06-10,2007-06-10,1.0,heavy rains,,Wayanad,Kerala,,,,,,,,,,5000 plantains destroyed.,IMD,,567,32
UEI-IMD-FL-2007-0081,2007-06-14,2007-06-14,1.0,heavy rains,,Kasaragod,Kerala,,,,,1.0,,,,One youth died.,,IMD,,558,32
UEI-IMD-FL-2007-0082,2007-06-22,2007-06-28,7.0,heavy rains,,"Alappuzha, Ernakulam,  Idukki, Kannur, Kasaragod, Kottayam, Kozhikode, Malappuram, Palakkad, Pathanamthitta, Thrissur, Thiruvananthapuram,Wayanad",Kerala,,,,,77.0,103.0,,,"77 persons died, 66 injured in different incidents,27 reported missing.","i) Landslide reported in Wayanad district. ii) More than 10,000 palm trees uprooted in Wayanad district. iii) 1766 houses completely,1240 partially damaged. iv) Extensive damage to agriculture reported. v) Traffic,electric lines disrupted. vi) Roofs of houses/school blown away. vii) Bridge flooded,low lying areas submerged.",IMD,,"554, 555, 556, 557, 558, 560, 561, 562, 563, 564, 566, 565, 567",32
UEI-IMD-FL-2007-0083,2007-06-28,2007-06-29,2.0,heavy rains,,Wayanad,Kerala,,,,,,,,,,"i) 33 houses completely,about 1759 houses partially damaged. ii) Extensive damage to agriculture reported.Around 518 hectares of land destroyed. iii) Trees uprooted,large number of plantains destroyed",IMD,,567,32
UEI-IMD-FL-2007-0084,2007-07-01,2007-07-01,1.0,heavy rains,,Idukki,Kerala,,,,,,3.0,,,3 persons injured.,"i) A police camp,workshed of power house damaged. ii) Road transport disrupted. iii) Widespread damage to agriculture,property reported. iv) 11 houses fully,88 houses partially damaged.",IMD,,556,32
UEI-IMD-FL-2007-0085,2007-07-02,2007-07-02,1.0,heavy rains,,"Ernakulam, Idukki, Kollam, Wayanad",Kerala,,,,,1.0,,,,i) One person died. ii) Few animals washed away.,"Few houses,agricultural areas washed away.",IMD,,"555, 556, 559, 567",32
UEI-IMD-FL-2007-0086,2007-07-04,2007-07-05,2.0,heavy rains,,Wayanad,Kerala,,,,,,2.0,,,2 persons injured due to landslide.,"i) 12 houses completely,487 partially damaged. ii) Low lying areas submerged. iii) Roads flooded, trees uprooted,traffic disrupted.",IMD,,567,32
UEI-IMD-FL-2007-0087,2007-07-14,2007-07-18,5.0,heavy rains,,"Alappuzha, Idukki, Kannur, Kottayam, Kozhikode, Malappuram, Pathanamthitta, Thiruvananthapuram,Wayanad",Kerala,,,,,30.0,2.0,,,"30 persons died,2 reported missing.","i) 67 houses completely,645 partially damaged. 14,800 houses flooded. ii) Extensive damage to agriculture (around 8000 hectares of land) reported. Plantains destroyed iii) Low lying areas,bridges flooded. iv) Electric/telephone lines disrupted,trees uprooted",IMD,,"554, 556, 557, 560, 561, 562, 564, 565, 567",32
UEI-IMD-FL-2007-0088,2007-07-26,2007-07-28,3.0,heavy rains,,Wayanad,Kerala,,,,,,,,,,"i)Extensive damage to paddy,ginger reported.Field in acres submerged. ii) One house,a hotel destroyed.",IMD,,567,32
UEI-IMD-FL-2007-0089,2007-09-09,2007-09-09,1.0,heavy rains,,Thiruvananthapuram,Kerala,,,,,,,,,,"i) First floor of a hospital submerged. ii) Road traffic disrupted. iii) Many houses,vehicles submerged under water.",IMD,,565,32
UEI-IMD-FL-2007-0090,2007-10-21,2007-10-21,1.0,heavy rains,,Thiruvananthapuram,Kerala,,,,,,,,,,"Around 70,000 plantains in around 60 acres of land destroyed.",IMD,,565,32
UEI-IMD-FL-2007-0091,2007-11-03,2007-11-09,7.0,heavy rains,,"Alappuzha, Malappuram, Pathanamthitta, Thiruvananthapuram,Wayanad",Kerala,,,,,,5.0,,,5 persons injured.,"i) Extensive damage to agriculture reported. ii) 15 houses,a school inundated. Roofs of houses collapsed. iii) Roads, rail tracks, canals,low lying areas flooded. iv) National highway submerged. v) Several trees uprooted. vi) Road traffic,electric supply disrupted.",IMD,,"554, 562, 564, 565, 567",32
UEI-IMD-FL-2008-0062,2008-03-13,2008-03-24,12.0,heavy rains,,"Alappuzha, Ernakulam Kannur, Kasaragod,Kollam, Kottayam, Kozhikode, Malappuram, Palakkad, Pathanamthitta, Thiruvananthapuram, Thrissur,Wayanad",Kerala,,,,,16.0,20.0,,1,"i) 16 persons died,20 others injured. ii) One cattle perished.",i) Paddy crops in more than 13000 hectares destroyed. ii) About 400 houses damaged.,IMD,,"554, None, 558, 559, 560, 561, 562, 563, 564, 565, 566, 567",32
UEI-IMD-FL-2008-0063,2008-04-08,2008-04-11,4.0,heavy rains,,Thiruvananthapuram,Kerala,,,,,,,,,,i) Many coconut trees uprooted. ii) Few houses collapsed.,IMD,,565,32
UEI-IMD-FL-2008-0064,2008-04-23,2008-04-25,3.0,heavy rains,,Wayanad,Kerala,,,,,,,,,,i) About 300 houses collapsed. ii) Extensive damage to agriculture reported.,IMD,,567,32
UEI-IMD-FL-2008-0065,2008-07-11,2008-07-15,5.0,heavy rains,,Thiruvananthapuram,Kerala,,,,,1.0,,,,One person died,,IMD,,565,32
UEI-IMD-FL-2008-0066,2008-07-28,2008-07-30,3.0,heavy rains,,"Alappuzha, Idukki, Kollam, Kottayam, Palakkad, Pathanamthitta, Thiruvananthapuram,Wayanad",Kerala,,,,,1.0,5.0,,,"One person died,5 others persons injured.","i) 36 houses damaged,200 houses partially damaged. ii) Traffic, telephone lines disrupted due to uprooting of trees. ii) Low lying areas inundated.",IMD,,"554, 556, 559, 560, 563, 564, 565, 567",32
UEI-IMD-FL-2008-0067,2008-08-10,2008-08-12,3.0,heavy rains,,"Palakkad,Wayanad",Kerala,,,,,2.0,,,,2 persons died.,i). Few houses collapsed. 1) Extensive damage to agriculture reported.,IMD,,"563, 567",32
UEI-IMD-FL-2008-0068,2008-08-31,2008-08-31,1.0,heavy rains,,Thiruvananthapuram,Kerala,,,,,,10.0,,,10 persons injured.,i)About 8 houses damaged. ii)Low lying areas flooded. iii)Traffic disrupted.,IMD,,565,32
UEI-IMD-FL-2008-0069,2008-09-01,2008-09-05,5.0,heavy rains,,"Malappuram, Pathanamthitta, Thiruvananthapuram",Kerala,,,,,1.0,,,,One person died.,"1) Landslide reported. ii) Extensive damage to crops,property reported. iii) Few houses flooded. iv) Traffic disrupted.",IMD,,"562, 564, 565",32
UEI-IMD-FL-2008-0070,2008-09-07,2008-09-08,2.0,flash flood,,"Idukki, Kasaragod,Kottayam",Kerala,,,,,,,,,,i) Extensive damage to agriculture reported. ii) Landslide reported. ii) Many houses collapsed.,IMD,,"556, 558, 560",32
UEI-IMD-FL-2008-0071,2008-10-19,2008-10-27,9.0,heavy rains,,"Alappuzha, Kottayam, Kozhikode, Malappuram, Palakkad, Thiruvananthapuram, Thrissur,Wayanad",Kerala,,,,,6.0,16.0,,,"6 persons died,16 others injured.","i) Many houses damaged. ii) 18,000 acres of paddy crop flooded.",IMD,,"554, 560, 561, 562, 563, 565, 566, 567",32
UEI-IMD-FL-2009-0034,2009-05-26,2009-05-26,1.0,heavy rains,,"Alappuzha, Kollam, Kottayam,Thiruvananthapuram",Kerala,,,,,,1.0,,,One girl washed away.,"4 houses completely,115 houses partially damaged.",IMD,,"554, 559, 560, 565",32
UEI-IMD-FL-2009-0035,2009-07-05,2009-07-05,1.0,heavy rains,,"Kozhikode, Thrissur,Wayanad",Kerala,,,,,5.0,,,,5 persons died.,,IMD,,"561, 566, 567",32
UEI-IMD-FL-2009-0036,2009-07-11,2009-07-12,2.0,heavy rains,,Wayanad,Kerala,,,,,,,,,,i)About 600 plantations destroyed. ii) Landslide reported.,IMD,,567,32
UEI-IMD-FL-2009-0037,2009-07-15,2009-07-18,4.0,heavy rains,,"Alappuzha, Ernakulam, Idukki, Kannur, Kasaragod, Kollam, Kozhikode, Pathanamthitta, Thrissur,Thiruvananthapuram",Kerala,,,,,33.0,,,,33 persons died.,"i) 363 houses completely,811 partially damaged. ii) In 666 hectares of cropland a loss of about Rs.10 crores reported.",IMD,,"554, 555, 556, 557, 558, 559, 561, 564, 566, 565",32
UEI-IMD-FL-2009-0038,2009-07-20,2009-07-22,3.0,heavy rains,,Wayanad,Kerala,,,,,7.0,10.0,,17,"i) 7 persons died,10 persons injured. ii) 17 cattle washed away.","i) Landslide reported in 14 places. ii) 316 houses completely,3991 houses partially damaged. iii) Extensive damage to agriculture reported. iv) In 1372 hectares of land a total loss of Rs. 44 crores reported.",IMD,,567,32
UEI-IMD-FL-2009-0039,2009-09-18,2009-09-18,1.0,heavy rains,,Kottayam,Kerala,,,,,1.0,,,,One person died..,,IMD,,560,32
UEI-IMD-FL-2009-0040,2009-10-03,2009-10-03,1.0,heavy rains,,"Alappuzha, Ernakulam, Kollam, Kozhikode, Malappuram, Pathanamthitta, Thrissur,Thiruvananthapuram",Kerala,,,,,,,,,,"i) 112 houses completely,539 houses partially damaged. ii) Landslide reported. iii) About 3,000 acres of paddy fields flooded. iv) Lossof around 1.5 crores of rupees reported. V) Extensive damage to Agriculture reported.",IMD,,"554, 555, 559, 561, 562, 564, 566, 565",32
UEI-IMD-FL-2009-0041,2009-11-07,2009-11-08,2.0,heavy rains,,"Idukki, Palakkad,Thiruvananthapuram",Kerala,,,,,1.0,,,,i) One person died. ii) Many cattle heads washed away.,i) Landslide reported. ii) 21 houses collapsed and. 80 partially damaged. iii) Damage to standing crops reported.,IMD,,"556, 563, 565",32
UEI-IMD-FL-2009-0042,2009-12-27,2009-12-29,3.0,heavy rains,,Wayanad,Kerala,,,,,,,,,,"Extensive damage to paddy crops, coffee plantations,vegetables reported.",IMD,,567,32
UEI-IMD-FL-2010-0064,2010-05-03,2010-05-03,1.0,heavy rains,,Wayanad,Kerala,,,,,,,,,,i) Damage to crops reported. ii) Few houses damaged.,IMD,,567,32
UEI-IMD-FL-2010-0065,2010-05-29,2010-05-29,1.0,heavy rains,,Kozhikode,Kerala,,,,,1.0,,,,One child died.,,IMD,,561,32
UEI-IMD-FL-2010-0066,2010-06-08,2010-06-08,1.0,heavy rains,,Idukki,Kerala,,,,,,,,,,"i) More than 25 acres of crop land damaged. ii) Water tank, check dams,pipelines destroyed. iii) Landslide reported.",IMD,,556,32
UEI-IMD-FL-2010-0067,2010-06-11,2010-06-15,5.0,heavy rains,,"Alappuzha, Ernakulam, Idukki, Kasaragod, Kochi,Kottayam, Kozhikode, Malappuram, Palakkad, Pathanamthitta,Thrissur,Thiruvananthapuram,Wayanad",Kerala,,,,,,,,,"30 persons died, 8 persons  missing,19 others injured.","i) Widespread damage to crops reported.ii) About 230 houses completely,170 partially damaged. iii) Landslide reported. iv) Low lying areas flooded. v) State highway submerged. vi) Power lines / rail / road / air traffic disrupted.",IMD,,"554, 555, 556, 558, None, 560, 561, 562, 563, 564, 566, 565, 567",32
UEI-IMD-FL-2010-0068,2010-07-19,2010-07-19,1.0,heavy rains,,Thiruvananthapuram,Kerala,,,,,,1.0,,,One person injured.,"Road traffic,electric supply disrupted.",IMD,,565,32
UEI-IMD-FL-2010-0069,2010-09-17,2010-09-19,3.0,heavy rains,,"Alappuzha, Ernakulam,Kozhikode",Kerala,,,,,2.0,,,,2 persons died.,"i) About 30,000 persons shifted to safer places. ii) Trees uprooted. iii) Road traffic disrupted.",IMD,,"554, 555, 561",32
UEI-IMD-FL-2010-0070,2010-09-24,2010-09-24,1.0,heavy rains,,Kottayam,Kerala,,,,,,4.0,,,4 persons injured.,i) Landslide reported. ii) Many houses damaged.,IMD,,560,32
UEI-IMD-FL-2010-0071,2010-10-03,2010-10-08,6.0,"flood (karamana, neyyak,vamanapuram)",,"Alappuzha, Kollam Kozhikode, Malappuram,Thrissur, Thiruvananthapuram,Wayanad",Kerala,,,,,20.0,1.0,,,"About 20 persons died, one persons injured.","i) About 500 acres of ginger,other person missing,3 crops damaged.ii) About 400 houses completely,1380 houses partially damaged. iii) About 3,000 persons shifted to safer places. iv) Loss to paddy crops worth about Rs. 2.5 crores reported. v) Low lying areas flooded. vi) Telecommunication,power supply disrupted. . vii) Trees,electric poles uprooted. viii) Road/rail /air traffic disrupted.",IMD,,"554, None, 562, 566, 565, 567",32
UEI-IMD-FL-2010-0072,2010-10-18,2010-10-18,1.0,heavy rains,,"Alappuzha, Kottayam, Pathanamthitta,Thiruvananthapuram,Thrissur",Kerala,,,,,,,,,,i) Property worth about Rs. 1.55 crores damaged. ii) About 1350 persons shifted to safer places. iii) About 1130 houses damaged. iv) Low lying areas submerged.,IMD,,"554, 560, 564, 565, 566",32
UEI-IMD-FL-2010-0073,2010-10-22,2010-10-22,1.0,heavy rains,,"Kannur, Kasaragod, Kozhikode, Malappuram,Wayanad",Kerala,,,,,,,,,,"i) Extensive damage to banana,paddy fields reported. ii) Few houses collapsed. iii) Low lying areas flooded. iv) Trees uprooted. v) Road traffic disrupted.",IMD,,"557, 558, 561, 562, 567",32
UEI-IMD-FL-2010-0074,2010-10-27,2010-10-29,3.0,heavy rains,,"Idukki,Thiruvananthapuram",Kerala,,,,,3.0,,,,3 persons died.,"i) Damage to banana, tapioca,beetle leaf,vegetables reported. ii) About 20 houses damaged. iii) Landslide reported.",IMD,,"556, 565",32
UEI-IMD-FL-2010-0075,2010-11-08,2010-11-08,1.0,heavy rains,,Thiruvananthapuram,Kerala,,,,,,,,,,i) Heavy loss to agriculture reported. ii) About 550 houses damaged iii) Low lying areas flooded.,IMD,,565,32
UEI-IMD-FL-2010-0076,2010-11-16,2010-11-16,1.0,heavy rains,,Thiruvananthapuram,Kerala,,,,,1.0,,,,One person died.,i) Landslide reported ii) Few houses damaged. iii) Low lying areas water logged. iv) Road traffic disrupted.,IMD,,565,32
UEI-IMD-FL-2010-0077,2010-11-20,2010-11-24,5.0,heavy rains,,"Kozhikode, Palakkad, Pathanamthitta, Thiruvananthapuram,Wayanad",Kerala,,,,,2.0,,,7000,i) 2 children injured. ii) 7000 hens drowned.,"i) Damage to crops worth lakhs of rupees reported. ii) About 12,000 hectares of paddy fields submerged iii) Damage to banana,tapioca crops reported. iv) A poultry farm submerged. v) Landslide reported. vi) Low lying areas flooded. vii) Few houses damaged.",IMD,,"561, 563, 564, 565, 567",32
UEI-IMD-FL-2010-0078,2010-11-27,2010-11-28,2.0,heavy rains,,"Pathanamthitta,Thiruvananthapuram",Kerala,,,,,1.0,,,,A woman injured.,i) About 30 houses damaged. ii) About 5000 vehicles stranded.,IMD,,"564, 565",32
UEI-IMD-FL-2010-0079,2010-12-08,2010-12-08,1.0,heavy rains,,Thiruvananthapuram,Kerala,,,,,1.0,1.0,,,"One person died,other missing.",i) About Rs. 125 lakhs of crops damaged. ii) Landslide reported. iii) About 100 families shifted to relief camps. iv) About 600 houses damaged. v) Road/rail/air traffic disrupted. vi) Electric supply disrupted. vii) Low lying areas flooded.,IMD,,565,32
UEI-IMD-FL-2011-0040,2011-04-14,2011-04-14,1.0,heavy rains,,Wayanad,Kerala,,,,,,,,,,"i)Damage to Ambalavayal Govt. High school,4 other buildings reported. ii)15 houses damaged. iii) Trees uprooted disrupting Electricity television 1 telephone services.",IMD,,567,32
UEI-IMD-FL-2011-0041,2011-04-21,2011-04-21,1.0,heavy rains,,Wayanad,Kerala,,,,,,,,,,KSRTC bus stand slide down causing traffic disruption.,IMD,,567,32
UEI-IMD-FL-2011-0042,2011-04-25,2011-04-25,1.0,heavy rains,,Alappuzha,Kerala,,,,,,,,,,2000 acres of paddy field damaged leading to a loss worth crores.,IMD,,554,32
UEI-IMD-FL-2011-0043,2011-04-28,2011-04-30,3.0,heavy rains,,Thiruvananthapuram,Kerala,,,,,1.0,,,,One person died.,One house damaged as tree fell over it.,IMD,,565,32
UEI-IMD-FL-2011-0044,2011-06-01,2011-06-03,3.0,heavy rains,,"Alappuzha, Idukki, Kollam, Kottayam, Kozhikode, Malappuram, Pathanamthitta, Thrissur, Thiruvananthapuram,Wayanad",Kerala,,,,,1.0,4.0,,,"3 persons drowned, another died,2 others missing.","i) 25 houses completely,429 houses partially damaged while 8 houses submerged. ii) About 5,500 banana crops damaged. iii)Coir industry affected. iv) Estimated loss of about Rs. 18 lakhs in 150 hectares of land reported. vi) Landslides reported. vi)Several trees uprooted disrupting road/rail/electric supply.",IMD,,"554, 556, 559, 560, 561, 562, 564, 566, 565, 567",32
UEI-IMD-FL-2011-0045,2011-06-05,2011-06-08,4.0,heavy rains,,"Alappuzha, Ernakulam, Idukki, Kottayam, Malappuram, Pathanamthitta, Thiruvananthapuram,Thrissur",Kerala,,,,,4.0,5.0,,,"4 persons drowned, other missing,4 others injured.","i) 4 houses completely,153 houses partially damaged. ii) Damage to crops worth Rs. 60 lakhs reported. iii) Damage to property worth Rs.8 lakhs reported. iv) About 10,000 banana plantations damaged.",IMD,,"554, 555, 556, 560, 562, 564, 565, 566",32
UEI-IMD-FL-2011-0046,2011-06-17,2011-06-18,2.0,heavy rains,,Wayanad,Kerala,,,,,,,,,,"i) About 166 families affected. ii) 10 houses partially,one house completely damaged. iii)Estimated damage worth about 20 lakhs reported. iv) NH, public liabrary, bridge,4 shops submerged. v) Road,bridge damaged due to landslide.",IMD,,567,32
UEI-IMD-FL-2011-0047,2011-06-29,2011-06-29,1.0,heavy rains,,Kozhikode,Kerala,,,,,,,,,,i) 3 acres of agricultural land damaged. ii) Landslide reported.,IMD,,561,32
UEI-IMD-FL-2011-0048,2011-07-16,2011-07-20,5.0,heavy rains,,"Malappuram, Kasaragod, Kozhikode,Wayanad",Kerala,,,,,4.0,1.0,,,"4 persons died,one drowned.",i)14 houses damaged. ii)Rubber crop affected. iii) NH-212 disrupted due to landslide. iv) Low lying areas submerged. v) Trees/electric poles uprooted.,IMD,,"562, 558, 561, 567",32
UEI-IMD-FL-2011-0049,2011-08-06,2011-08-07,2.0,heavy rains,,"Idukki, Kannur, Kottayam, Pathanamthitta,Thiruvananthapuram",Kerala,,,,,1.0,1.0,,,"One person died,other missing.","i) Around 2,000 people shifted to safer places. ii)Damage to crops reported. iii) Landslides at 18 places reported causing road traffic disruption on Kollam-Theni,Kochi-Madhura NH. iv) 65 houses completely,117 houses partially damaged.v) Road traffic,power supply on Punalur-Murattupuzha state highway disrupted. vi) 3 bridges across Pampa river submerged.",IMD,,"556, 557, 560, 564, 565",32
UEI-IMD-FL-2011-0050,2011-08-28,2011-09-04,8.0,heavy rains,,"Kozhikode, Malappuram, Palakkad, Thiruvananthapuram, Thrissur,Wayanad",Kerala,,,,,2.0,1.0,,,"2 persons electrocuted,one student drowned.","i) 21 houses completely,22partially damaged. ii) About 12,000 hectares of paddy fields submerged iii) Extensive damage to banana,rubber crops, vegetables reported. iv)Multiple landslides reported. v) Kerala-Tamil Nadu interstate high way traffic disrupted.",IMD,,"561, 562, 563, 565, 566, 567",32
UEI-IMD-FL-2011-0051,2011-10-10,2011-10-10,1.0,heavy rains,,Wayanad,Kerala,,,,,,,,,,"Padimudi bridge collapsed,traffication was cut off.",IMD,,567,32
UEI-IMD-FL-2011-0052,2011-10-14,2011-10-17,4.0,heavy rains,,"Idukki,Wayanad",Kerala,,,,,2.0,,,,2 persons died.,"i)One house washed away,other partially damaged. ii) Thousands of banana plantations damaged. iii)Crops worth thousand rupees damaged.",IMD,,"556, 567",32
UEI-IMD-FL-2011-0053,2011-10-21,2011-10-21,1.0,heavy rains,,"Malappuram,Thrissur",Kerala,,,,,,,,,,"i) Approx. 25,000 banana plantations,5,000 banana seedlings damaged. ii)Damage to rubber, coconut,cocoa plantations reported. iii) Electricity supply disrupted.",IMD,,"562, 566",32
UEI-IMD-FL-2011-0054,2011-10-31,2011-11-08,9.0,heavy rains,,"Kannur, Thiruvananthapuram,Wayanad",Kerala,,,,,,5.0,,,5 persons injured.,"i) 4 houses completely,26 partially damaged. Several houses submerged. Hundreds of rubber, banana, coffee, topioca, ginger,vegetable cultivations damaged. Hundreds acres of paddy fields submerged. Estimated loss of more than 25 lakhs reported. V) Damage to private property reported.",IMD,,"557, 565, 567",32
UEI-IMD-FL-2011-0055,2011-11-26,2011-11-27,2.0,heavy rains,,Thiruvananthapuram,Kerala,,,,,,4.0,,,4 persons injured.,"i)5 houses completely,112 partially damaged. ii)Damage to fishing boats,nets worth rupees more than 40 lakhs reported. iii)Low lying areas submerged. iv)Several trees uprooted. v)Road traffic,electricity supply disrupted.",IMD,,565,32
UEI-IMD-FL-2011-0056,2011-12-31,2011-12-31,1.0,heavy rains,,"Alappuzha, Kollam,Thiruvananthapuram",Kerala,,,,,,,,,,"i)26 persons shifted to relief camps. ii)About 550 houses completely,6 houses partially damaged. iii)12,000 hectares paddy crops submerged.",IMD,,"554, 559, 565",32
UEI-IMD-FL-2012-0045,2012-04-07,2012-04-07,1.0,heavy rains,,Kollam,Kerala,,,,,,,,,,Damage to the crops in lakhs of rupees reported.,IMD,,559,32
UEI-IMD-FL-2012-0046,2012-04-09,2012-04-09,1.0,heavy rains,,Wayanad,Kerala,,,,,,,,,,"i)Approx. 10,000 banana,500 rubber plantations damaged. ii) 4 houses damaged in Punalur.",IMD,,567,32
UEI-IMD-FL-2012-0047,2012-04-23,2012-04-23,1.0,heavy rains,,Pathanamthitta,Kerala,,,,,2.0,,,,2 persons died in Pandalam town.,"i) Extensive damage to rubber, topioca, banana plantations reported. ii) Landslide reported. iii) Several trees uprooted.",IMD,,564,32
UEI-IMD-FL-2012-0048,2012-04-24,2012-04-27,4.0,heavy rains,,Thrissur,Kerala,,,,,2.0,,,,2 persons died.,"i) About 800 acres of paddy crop land,2000 tons of paddy crops damaged. ii) Damage to about 200 kachcha houses reported.",IMD,,566,32
UEI-IMD-FL-2012-0049,2012-06-06,2012-06-06,1.0,heavy rains,,Wayanad,Kerala,,,,,,,,,,About 600 plantations damaged.,IMD,,567,32
UEI-IMD-FL-2012-0050,2012-06-12,2012-06-12,1.0,heavy rains,,Kottayam,Kerala,,,,,40.0,,,,"About 40 children,few teachers injured.",A huge tree uprooted causing damage to school building.,IMD,,560,32
UEI-IMD-FL-2012-0051,2012-07-02,2012-07-03,2.0,heavy rains,,Thiruvananthapuram,Kerala,,,,,3.0,,,,"3 persons died, other injured.","i)18 houses completely,70 houses partially damaged. ii)Extensive damage to agricultural land reported. iii)Asbestos roofs of Malayankizhu Govt. Girls School blown away.",IMD,,565,32
UEI-IMD-FL-2012-0052,2012-07-28,2012-07-28,1.0,heavy rains,,Wayanad,Kerala,,,,,,,,,,Damage to Banana plantations worth about 2 lakh rupees reported.,IMD,,567,32
UEI-IMD-FL-2012-0053,2012-08-04,2012-08-08,5.0,heavy rains,,"Kannur, Kozhikode,Wayanad",Kerala,,,,,14.0,3.0,,,"14 persons died,3 others missing.","i)Extensive damage to several houses, shops, school buldings, Govt. offices,hospitals in the Iritty town of Kannur reported. ii) About 300 houses inundated in Kannur. iii) 2 pumping stations of Kerala Water Authority flooded causing damage to crops. iv) Total loss worth about 3 crores rupees estimated excluding damage to crops.v) Number of houses completely/partially damaged,about 100 persons shifted to safer places. vi) Disruption in traffic,power supply  reported. vii) 2 bridges connecting the region to Kuttiyadi,Mananthavady submerged.",IMD,,"557, 561, 567",32
UEI-IMD-FL-2012-0054,2012-11-17,2012-11-18,2.0,heavy rains,,"Ernakulam, Idukki, Kottayam, Pathanamthitta,Thiruvananthapuram",Kerala,,,,,5.0,5.0,,,"5 persons died, 2 others missing,3 others injured.","i)Landslide reported. ii) Few houses washed away. iii) Extensive damage to rubber trees,standing crops of banana, coconut, coffee,areca nut on 6 hectares of area affected. iv) Extensive loss to property,agricultural department reported.",IMD,,"555, 556, 560, 564, 565",32
UEI-IMD-FL-2012-0055,2012-09-04,2012-09-04,1.0,heavy rains,,Kollam,Kerala,,,,,,,,,,"i)About 20 houses partially damaged. ii)Power supply disrupted as trees uprooted. iii) Houses on the banks flooded. iv) Fibre boat damaged. v)Loss worth Rs. 88,468 estimated.",IMD,,559,32
UEI-IMD-FL-2012-0056,2012-11-01,2012-11-01,1.0,heavy rains,,"Ernakulam, Kollam,Thiruvananthapuram",Kerala,,,,,,,,,,"i) About 40 houses partially damaged. ii) Loss of Agricultural property reported. iii) Many trees uprooted causing disruption in power/telecommunication services. iv) Several low lying areas,roads inundated affecting normal life. v) Damage to property worth Rs. 7.5 lakhs reported.",IMD,,"555, 559, 565",32
UEI-IMD-FL-2012-0057,2012-11-11,2012-11-11,1.0,heavy rains,,Thiruvananthapuram,Kerala,,,,,,,,,,"i)Hundreds of rubber trees uprooted. ii)Low lying areas inundated. iii) Number of trees uprooted causing disruption in road/power/ telecommunication services. v) 33 KV substation damaged. vi) Thampanoor railway station, bus stand, KSRTC garage flooded.",IMD,,565,32
UEI-IMD-FL-2013-0061,2013-03-09,2013-03-09,1.0,heavy rains,,Wayanad,Kerala,,,,,,,,4500,,"i) Around 10,000 banana, coconut, arecanut plantations damaged. ii) Damage to crops worth lakhs rupees reported.",IMD,,567,32
UEI-IMD-FL-2013-0062,2013-03-12,2013-03-12,1.0,heavy rains,,Kannur,Kerala,,,,,,,,,"About 4,500 hens perished.",Damage to farm equipments of worth 12 lakhs rupees reported.,IMD,,557,32
UEI-IMD-FL-2013-0063,2013-03-26,2013-03-26,1.0,heavy rains,,Thiruvananthapuram,Kerala,,,,,,,,,,"i) Low lying areas submerged. ii) Number of electric poles/trees uprooted causing traffic,vehicular disruption. iii) Heavy damage to Govt. Ayurveda Hospital,post office buildings reported.",IMD,,565,32
UEI-IMD-FL-2013-0064,2013-03-29,2013-03-31,3.0,heavy rains,,Wayanad,Kerala,,,,,,,,,,"i) Thousands of Banana plantations,other crops uprooted. ii) Loss worth lakhs rupees reported.",IMD,,567,32
UEI-IMD-FL-2013-0065,2013-04-26,2013-04-28,3.0,heavy rains,,Wayanad,Kerala,,,,,,2.0,,,2 persons injured.,"i) Acres of banana plantations, paddy,vegetables damaged. ii) Damage to several houses reported. iii) Trees uprooted causing disruption in road traffic,power supply reported.",IMD,,567,32
UEI-IMD-FL-2013-0066,2013-05-03,2013-05-07,5.0,heavy rains,,Wayanad,Kerala,,,,,,,,,,"i) Damage to thousands of banana, rubber,mango plantations reported. ii) Number of villages inundated.",IMD,,567,32
UEI-IMD-FL-2013-0067,2013-05-05,2013-05-05,1.0,heavy rains,,Thiruvananthapuram,Kerala,,,,,,,,,,i) Several villages inundated. ii) Few houses damaged. iii) Many trees including rubber plantations uprooted. iv) Mango orchards completely damaged. v) Cattle sheds inundated. vi) Loss worth 3.5 crore rupees reported.,IMD,,565,32
UEI-IMD-FL-2013-0068,2013-06-02,2013-06-06,5.0,heavy rains,,Thiruvananthapuram,Kerala,,,,,,,,,,"i) Extensive damage to banana, rubber, coconut reported. ii) Few houses partially damaged.",IMD,,565,32
UEI-IMD-FL-2013-0069,2013-06-08,2013-06-08,1.0,heavy rains,,"Thiruvananthapuram,Thrissur",Kerala,,,,,,1.0,,,One person injured.,"Thiruvananthapuram : i) Several crops submerged. ii) About 300 houses submerged,more than 100 houses damaged. iii) Around 150 people shifted relief camps. iv) Several trees uprooted,fell over several buildings, houses, roads causing disruption in traffic,power supply. Thrissur: i) More than 80 houses partially damaged. ii) Several houses flooded. iii) People shifted to relief camps. iv) Number of coconut trees uprooted.",IMD,,"565, 566",32
UEI-IMD-FL-2013-0070,2013-06-08,2013-06-16,9.0,heavy rains,,Wayanad,Kerala,,,,,,,,,,"About 20,500 banana plantations damaged.",IMD,,567,32
UEI-IMD-FL-2013-0071,2013-06-11,2013-06-26,16.0,heavy rains,,Thiruvananthapuram,Kerala,,,,,7.0,,,,"7 persons died,few others injured in different incidences.","i) About 3,000 houses partially,500 completely damaged. ii) Extensive damage to the banana, rubber, bamboo, coconut plantations reported. iii) Several roads/canals/houses flooded. iv) More than 500 people shifted to the relief camps. v) Extensive damage to agricultural crops/land reported. vi) Several cable lines damaged. vii) Many trees/electric poles uprooted causing traffic disruption,also fell over buildings, vehicles causing damage to the property. viii) Massive damage to the house hold articles reported. ix) Number of boats, boat nets,fishing equipments drowned.",IMD,,565,32
UEI-IMD-FL-2013-0072,2013-06-17,2013-06-17,1.0,heavy rains,,Kasaragod,Kerala,,,,,2.0,2.0,,,"2 persons died,2 others injured due to landslide.",Landslide reported.,IMD,,558,32
UEI-IMD-FL-2013-0073,2013-06-24,2013-06-27,4.0,heavy rains,,Kasaragod,Kerala,,,,,,,,,,"i) About 40 houses partially damaged. ii) About 590 people shifted to relief camps. iii) 6 wells collapsed causing a loss of worth Rs. 47,000/-only. iv) Extensive damage to agricultural crops reported. v) Dried bamboo plantations fell across NH roads causing traffic disruption. vi) Madakkal suspension bridge in Kasaragod collapsed.",IMD,,558,32
UEI-IMD-FL-2013-0074,2013-06-25,2013-06-29,5.0,heavy rains,,"Idukki, Ernakulam, Kollam, Kozhikode, Palakkad,Pathanamthitta",Kerala,,,,,2.0,,,,2 persons died due to wall collapse in Pathananthitta while one person died due to landslide in Munnar.,"Ernakulam: i) 16 houses fully,326 houses partially damaged. ii) 3 wells caved in. Kozhikode: iii) 45 houses fully,and 2 partially damaged. iv) 6 boats completely,1 boat partially damaged. v) About 30 boats drowned at Chaliyar coast. Palakkad: i) 12 houses damaged causing a loss of worth Rs. 1.2 lakhs reported. ii) 6.75 hectares of agricultural land damaged causing a loss of worth Rs. 1.32 crores reported. Pathanamthitta: i) Extensive damage to rubber plantations   reported. ii) Punalur-Muvattapuzha State highway submerged causing vehicular disruption.",IMD,,"556, 555, 559, 561, 563, 564",32
UEI-IMD-FL-2013-0075,2013-06-27,2013-06-29,3.0,heavy rains,,Alappuzha,Kerala,,,,,7.0,3.0,,,"7 persons died,3 others drowned.","i) 33 houses fully,633 houses partially damaged causing a loss of worth Rs. 88.89 lakhs. ii) Alappuzha-Changanacherry road inundated causing traffic disruption. iii) About 15 villages inundated. iv) Few houses washed away. v) About 4.5 lakh people shifted in relief camps. vi) More than 200 hectares of paddy fields submerged. vii) About 3,300 hectares of agricultural land affected. causing a loss of worth Rs. 3.8 crore.",IMD,,554,32
UEI-IMD-FL-2013-0076,2013-07-01,2013-07-04,4.0,heavy rains,,Wayanad,Kerala,,,,,,,,,,"Mananthavady Tehsil: i) Landslides reported. ii) One house partially damaged. iii) One well caved in. iv) Many bamboo grooves, rubber trees uprooted causing traffic disruption. v) Niravill bridge submerged. vi) Mainly tribal people,farmers affected. vii) Pollampara bridge damaged as it was submerged. Vythiri Tehsil: i) 56 houses partially,3 houses completely damaged. ii) One well caved in. iii) 257 families shifted to 16 relief camps. iv) Rs. 7.89 lakhs worth loss reported.",IMD,,567,32
UEI-IMD-FL-2013-0077,2013-07-05,2013-07-12,8.0,heavy rains,,"Idukki,Thiruvananthapuram",Kerala,,,,,,2.0,,,i) 2 persons injured in Maruthankuzhy area as a tree fell over them. ii) Few livestock perished.,"Cheruthoni town in Idukki: i) Landslide reported. ii) 5 acres of standing crops washed away. Thiruvananthapuram: i) A tree fell over a house damaging it in Killimanoor town. ii) A tree fell over electric cable lines disrupting power supply. iii) Acacia, Jackfruit, coconut, rubber, teak trees uprooted fell over a transformer, one house,a shop compound wall, damaging/collapsing the structures,also damaging some vehicles. iv) Several trees uprooted fell over NH road disrupting traffic,damaging a temple, a school building,a cattle-shed. v) A well caved in. vi) Taluka hospital of Chrayankeezhu damaged as a tree fell over it. vii) Few houses damaged.",IMD,,"556, 565",32
UEI-IMD-FL-2013-0078,2013-07-11,2013-07-11,1.0,heavy rains,,Wayanad,Kerala,,,,,,,,,,"Mananthavady Tehsil: 1,90,000 banana plantations damaged. 8 hectares of ginger, 5 hectares of yam, 1118 arecanut trees, 336 rubber trees, 1.5 acres of paddy damaged causing Rs.2 crores worth loss reported.",IMD,,567,32
UEI-IMD-FL-2013-0079,2013-07-11,2013-07-13,3.0,heavy rains,,"Alappuzha, Ernakulam, Kollam,Kottayam",Kerala,,,,,1.0,3.0,,,i) One person drowned in Kuttanad. ii) One person missing as fishing boat capsized in Kollam. iii) A girl drowned at Thiruchandoor. iv) In Ernakulam one person died as he fell into a flooded canal.,"Alappuzha: i) Coconut, banana plantations, tapioca, vegetables damaged. ii) 15,000 houses inundated. iii) About one lakh people shifted in relief camps.",IMD,,"554, 555, 559, 560",32
UEI-IMD-FL-2013-0080,2013-07-19,2013-07-26,8.0,heavy rains,,Thiruvananthapuram,Kerala,,,,,,,,,,"i) 40 houses damaged.ii) Crops,rubber, banana plantations damaged. iii) Jack, teak,coconut trees uprooted. iv) Loss of worth one lakh rupees reported.",IMD,,565,32
UEI-IMD-FL-2013-0081,2013-07-23,2013-07-23,1.0,heavy rains,,Ernakulam,Kerala,,,,,4.0,2.0,,,"4 persons died,2 others injured in a landslide.",,IMD,,555,32
UEI-IMD-FL-2013-0082,2013-07-29,2013-07-29,1.0,heavy rains,,Pathanamthitta,Kerala,,,,,1.0,,,,One person died.,,IMD,,564,32
UEI-IMD-FL-2013-0083,2013-08-01,2013-08-02,2.0,heavy rains,,Wayanad,Kerala,,,,,,2.0,,,2 persons injured in Kalpetta town.,"Taruvana town: i) Thousands of paddy, banana, arecanut, coconut, rubber plantations submerged,damaged. ii) 841.30 ha. of crops damaged. iii) 4 houses partially damaged. Kalpetta town: i) 17 houses completely while 14 houses partially damaged. ii) 361 families shifted to relief camps. Mananthavady Tehsil: i) 18 families with 133 people shifted to relief  camps. ii) Several trees uprooted causing traffic disruption. iii) Cherupuzha bridge submerged. iv) One house damaged fully,other partially. Padinjarathara town:  i) Agricultural crops, worth lakhs rupees damaged. ii) Thousands of banana, paddy, arecanut, coconut plantations submerged. iii) Several families shifted to safer places.",IMD,,567,32
UEI-IMD-FL-2013-0084,2013-08-02,2013-08-06,5.0,heavy rains,,Thiruvananthapuram,Kerala,,,,,,1.0,,,One person injured as tree fell on him in Kilimanoor.,"Kilimanoor, Kallara, Pangode,Chirayankeezhu towns: i) Several rubber, banana, coconut,agricultural crops damaged. ii) Several trees uprooted damaging houses. 60 houses damaged partially in Neyyattinkkara, Nedumangad,Chirayankeezhu tehsils. iii) In Pangode 3 hectares of Mangiyam trees uprooted. iv) Wall of a well caved in. v) Several electric lines damaged in Kadakkavoor,Vakkom areas.",IMD,,565,32
UEI-IMD-FL-2013-0085,2013-08-04,2013-08-08,5.0,heavy rains,,"Alappuzha, Ernakulam,Idukki,",Kerala,,,,,17.0,3.0,,,"Idukki:i) 15 persons died as a mini bus, a jeep,few motor cycles swept away. ii) One person missing,2 injured in landslide.  Kochi: 2 persons died in Kochi.","Alappuzha: i) One house washed away,several houses inundated. ii) About 1.8 lakh people shifted to 183 relief camps. iii) Damage to 1600 acres of agricultural crops reported. Ernakulam: i) Kothamangalam town,Kochi airport runway flooded. ii) Landslide at Blavana Pooyamkutty road reported. iii) About 14,043 people shifted to 121 relief camps. iv) Manikandanchal bridge, Mahadeva temple submerged in Aluva. Idukki: i) About 10 shops buried in landslide. ii) Few houses,buildings collapsed. iii) 240 people shifted to 5 relief camps. iv) Landslide reported near Kulamavu,around 4 acres of land washed away. v) A hill caved down around 600 feet causing damage to agricultural crops. vi) Land caved in,roads blocked causing  road traffic disruption.",IMD,,"554, 555, 556, 603",32
UEI-IMD-FL-2013-0086,2013-08-10,2013-08-16,7.0,heavy rains,,Wayanad,Kerala,,,,,,,,,,i) Landslide reported. ii) Acres of paddy fields damaged. iii) Thalasserry-Mananthavady road completely damaged disrupting vehicular traffic,IMD,,567,32
UEI-IMD-FL-2013-0087,2013-09-01,2013-09-01,1.0,heavy rains,,Idukki,Kerala,,,,,,,,,,i) 15 acres of paddy fields washed away in Mangad. ii) Loss of worth lakh rupees reported.,IMD,,556,32
UEI-IMD-FL-2013-0088,2013-09-12,2013-09-12,1.0,heavy rains,,Wayanad,Kerala,,,,,,,,,,i) Padumutty bridge collapsed. ii) 2 houses damaged partially. iii) Several houses inundated. iv) Landslide reported. v) People shifted to safer places.,IMD,,567,32
UEI-IMD-FL-2013-0089,2013-09-17,2013-09-17,1.0,heavy rains,,Thiruvananthapuram,Kerala,,,,,,3.0,,,3 persons injured.,"i) In Venjaranmood village, a tree fell,broke 11KV electric line causing traffic disruption. ii) Some vehicles damaged.",IMD,,565,32
UEI-IMD-FL-2014-0041,2014-03-07,2014-03-09,3.0,heavy rains,,Wayanad,Kerala,,,,,,,,,,"i) One house damaged completely. ii) More than 100 banana plants uprooted in Athiyoor colony. iii) Several bamboo trees uprooted,fell across the National Highway leading to traffic disruption.",IMD,,567,32
UEI-IMD-FL-2014-0042,2014-03-25,2014-03-25,1.0,heavy rains,,Wayanad,Kerala,,,,,,,,,,"More than 1,000 banana,tapioca plantations uprooted causing damage worth rupees 4 lakhs reported.",IMD,,567,32
UEI-IMD-FL-2014-0043,2014-04-10,2014-04-16,7.0,heavy rains,,"Alappuzha, Kasaragod, Kozhikode, Thiruvananthapuram, Thrissur,Wayanad",Kerala,,,,,6.0,,,,6 persons died including 2 children.,"i) Thousands of banana, rubber,betel-leaves plantations,crops in Neyyattinkara & Katakkada Tehsils damaged. ii) Several electric,electronic equipments damaged. iii) Damage worth rupees lakhs reported. iv) Roofs of several houses blown away. v) 10 houses completely,15 partially damaged. vi) Low lying areas inundated. vii)Several trees/electric poles uprooted causing disruption in vehicular traffic,power supply.",IMD,,"554, 558, 561, 565, 566, 567",32
UEI-IMD-FL-2014-0044,2014-04-19,2014-04-30,12.0,heavy rains,,"Thiruvananthapuram,Wayanad",Kerala,,,,,,,,,,"i) About 10,000 banana plantations in more than 3 acres of land damaged. Jackfruit,mango trees uprooted. ii) Acres of banana, tapioca,coconut plantations damaged. iii) About 100 houses completely,400 partially damaged. iv) About 160 electric poles,more than 50 trees uprooted causing disruption traffic,power supply.",IMD,,"565, 567",32
UEI-IMD-FL-2014-0045,2014-05-03,2014-05-09,7.0,heavy rains,,"Alappuzha, Ernakulam, Kozhikode, Malappuram, Thrissur, Thiruvananthapuram,Wayanad",Kerala,,,,,4.0,20.0,,,"2 persons drowned , 2 persons died as a tree fell on him,3 others injured in Thiruvananthapuram 2 persons drowned in Kozhikode, other in Malappuram as a branch of a tree fell over her,10 others injured. 2 persons died,other injured due to tree fell on them in Wayanad.","Thiruvananthapuram: Varkala town: i) Damage to crops reported. ii) Many electric cable lines,about 15 electric posts damaged. Low tension wires broke causing disruption in power supply. iii) About 70 houses,few structures damaged.Attingal: i) About 32 houses damaged partially. ii) Tapioca, banana, rubber,other crops damaged. iii) About 7.20 lakhs worth rupees damage reported. iv) 11 KV lines broke causing disruption in power supply. Pallichal village: More than 2 lakhs banana plantations damaged.Malayankeezhu village: i) Acres of banana, tapioca, other crops  damaged. ii) Loss worth lakhs rupees reported. iii) Several trees uprooted,roofs of many houses blown away.  Parashala town: 11 KV line with 4 Electric posts uprooted causing disruption in power supply. Sreekaryam & Malayankeezhu: i) Low lying areas flooded. ii) Roof tops of several houses blown away. iii) 2 houses damaged completely  Wayanad: Kalpetta, Mananthavady & Sulthan Bathery towns: i) Extensive damage to about 500 hectares of crops reported. ii) Extensive damage to banana, tapioca,  arecanut plantations reported. iii) More than 5,000 ripe banana crops damaged  causing about 6.5 lakhs damage reported. iv) About 10,000 banana plantations uprooted. v) Several houses completely,partially  damaged. vi) Damage to a transformer reported due to a huge tree fell on it disrupting 11 KV lines at many places. vii)Roofs of many houses blown away. viii)Several trees uprooted causing traffic disruption. Malappuram: About 620 acres of paddy fields sumerged.  Alappuzha: About 800 acres of agricultural land submerged,crops damaged .",IMD,,"554, 555, 561, 562, 566, 565, 567",32
UEI-IMD-FL-2014-0046,2014-06-06,2014-06-06,1.0,heavy rains,,Wayanad,Kerala,,,,,,,,,,About 2000 banana plantations uprooted,IMD,,567,32
UEI-IMD-FL-2014-0047,2014-06-12,2014-06-14,3.0,heavy rains,,Thiruvananthapuram,Kerala,,,,,,,,,,i) Damage to 12 houses reported. ii) People shifted to relief camps.,IMD,,565,32
UEI-IMD-FL-2014-0048,2014-06-21,2014-06-21,1.0,heavy rains,,Idukki,Kerala,,,,,,,,,,"i) Landslide damaged the iron bridge on national highway. ii) Low lying areas,few houses inundated.",IMD,,556,32
UEI-IMD-FL-2014-0049,2014-07-12,2014-07-15,4.0,heavy rains,,"Kannur, Kasaragod, Kozhikode, Malappuram,Wayanad",Kerala,,,,,9.0,2.0,,,"2 persons died,2 others missing in Kannur. 5 persons died in Kasaragod. 2 persons died in Kozhikode. 2 persons died in Malappuram.","Kannur: i) 5 houses damaged completely,41 partially. ii) 11 hectares of standing crops damaged. iii) Agricultural loss rupees 5.4 crores reported. Kasaragod: i) Extensive damage to arecanut, coconut,banana plantations reported. ii) Number of houses damaged.  Kozhikode: i) Low lying areas inundated. ii) Extensive damage to crops in nearly 12 hectares land of rupees 9.4 crores reported. iii) About 14 houses damaged. Malappuram: i) 36 houses destroyed completely,246 partially. ii) Loss of rupees 1.42 crores reported.   Wayanad: Ambalavayal village, Kalpetta, Mananthavady, Pandhaloor,Sulthan Bathery towns: i) Low lying areas,crops submerged. ii) About 32 families shifted to relief camps. iii) Landslide reported. iv) Several trees uprooted disrupting power supply,road traffic. Kozhikode:  Extensive damage to the standing crops,banana, ginger, vegetables crops reported. Thiruvananthapuram:  Few houses damaged.",IMD,,"557, 558, 561, 562, 567",32
UEI-IMD-FL-2014-0050,2014-08-01,2014-08-07,7.0,heavy rains,,"Alappuzha, Kannur, Kasaragod, Kozhikode, Kottayam, Malappuram, Palakkad, Pathanamthitta, Thrissur, Thiruvananthapuram,Wayanad",Kerala,,,,,,,,,"One person died in Alappuzha. 2 persons died,other missing in Idukki. 3 persons died, 2 others drowned,3 others missing in Kasaragod. 2 persons drowned,other missing in Malappuram. 4 persons died in Kottayam. One person died,other drowned in Pathanamthitta. One person died in Thrissur.","Alappuzha: i) Low areas inundated. ii) Vegetable crops submerged. iii) 5 acres of paddy fields submerged. iv) About 50 houses damaged partially. v) 500 families shifted to relief camps. vi) Damage to one school building reported. vii)Extensive damage to school building reported. 2 persons died,other missing while one person drowned in Kannur. Kannur: i) One house damaged completely,25 partially. ii) Landslide reported in Kelakattum & Periyothu areas. iii) About 67 families shifted to relief camps. Kasaragod:  Several houses inundated causing 15 families shifted to relief camps. Kottayam: i) About 4 houses damaged completely,428 partially. ii) Damage worth around rupees 32 lakhs reported. iii) About 127 persons shifted to relief camps.  Wayanad: i) Well caved in Tharuvana town, Mananthavady tehsil. ii) About 41 persons shifted to relief camps.",IMD,,"554, 557, 558, 561, 560, 562, 563, 564, 566, 565, 567",32
UEI-IMD-FL-2014-0051,2014-08-22,2014-08-24,3.0,heavy rains,,"Kottayam, Pathanamthitta, Thiruvananthapuram,Wayanad",Kerala,,,,,4.0,7.0,,,"3 persons died in Pathanamthitta. One person died,7 others missing in Thiruvananthapuram .","Kottayam: i) Damage to about 2 acres crops in Irattupetta, Poojar, Laipally areas reported. ii) 300 mts of Kaduthuruthy-Karikkad Muvattupuzha valley irrigation canal washed away. iii) Landslide reported. iv)Damage to food products in Changanacherry area worth rupees 5 lakhs reported. Pathanamthitta: i) Damage to the crops in more than 300 acres reported. ii) About 175 people shifted to safer places. Thiruvananthapuram: i) Extensive damage to paddy, banana, rubber, tapioca, coconut, vegetables in more than 500 acres of cropland reported. Several trees uprooted causing damage to some structures,disrupting power supply. ii) About 100 acres of standing crops damaged. in Kaaret area. iii) Lanslides reported in Ponmudi-Vithura,Bonakadu areas causing traffic disruption. iv)More than 100 houses damaged causing shifting of about 1500 people to relief camps Wayanad: i) About 300 hectares of banana, coffee, pepper, ginger, vegetables, paddy crops damaged. ii) About 115 families shifted to 6 relief camps. iii) About 20 shops washed away. iv)Landslide in Thamaraserry ghat reported. v)One house completely,25 houses partially damaged. vi)Damage to bridges,canals reported. vii)Damage worth rupees 4.4 crores reported.",IMD,,"560, 564, 565, 567",32
UEI-IMD-FL-2014-0052,2014-09-01,2014-09-03,3.0,heavy rains,,Thiruvananthapuram,Kerala,,,,,,,,,,"i) Damage to the crops reported. ii) Landslides reported. iii) Damage to few houses,some structures reported. iv)House- hold electric appliances damaged. v)About 50 families shifted to safer places. vi)One well caved in at Vengaranmood village.",IMD,,565,32
UEI-IMD-FL-2014-0053,2014-09-26,2014-09-26,1.0,heavy rains,,Thiruvananthapuram,Kerala,,,,,,,,,,"Damage to banana, tapioca, vegetable crops reported.",IMD,,565,32
UEI-IMD-FL-2015-0044,2015-03-03,2015-03-09,7.0,heavy rains,,"Alappuzha, Ernakulam, Kottayam, Malappuram, Thrissur, Pathanamthitta",Kerala,,,,,,,,,,"i)Damage to Paddy fields, vegetable plantations, thousands of Banana crops, Betel-leaves, Tapioca, Yam, Nutmeg Coconut trees, fruit crops etc. reported ii)Roof of Co-operative bank building,a school building blown away causing damage to all files in the staff-room iii)Rice sacks kept for afternoon meals for school children extensively damaged in Pathanamthitta District iv)Damage to several houses reported v)Several trees / electric poles uprooted causing disruption in telecommunication services vehicular traffic,power supply",IMD,,"554, 555, 560, 562, 566, 564",32
UEI-IMD-FL-2015-0045,2015-03-13,2015-03-17,5.0,heavy rains,,"Alappuzha, Kottayam, Thrissur, Thiruvananthapuram",Kerala,,,,,,3.0,,,3 persons injured in Thiruvananthapuram,"i)Damage to thousands of Banana crops, vegetable plantation,Coconut , Teak, Jackfruit, Nutmeg trees reported ii)Damage to several houses reported iii)Boat capsized causing damage to several fishing equipments. In Alappuzha District iv)Rs.12 lakhs worth damage reported v)Several trees / electric poles uprooted causing disruption in telecommunication servies vehicular traffic,power supply vi)Several electric cable lines damaged completely",IMD,,"554, 560, 566, 565",32
UEI-IMD-FL-2015-0046,2015-03-27,2015-03-31,5.0,heavy rains,,"Alappuzha, Pathanamthitta",Kerala,,,,,,,,,,"i)Damage to around 3,500 Banana plantation uprooted. Damage to Tapioca, Bitter gaud crops,Cashew, Jackfruit, Peepal trees reported ii)Damage to 3 acres of cultivation land,Gingily crops reported iii)Several road side trees uprooted causing disruption in vehicular traffic iv)Several electric cable lines damaged causing disruption in power supply v)Damage to worth Rs.15 lakhs according to Agriculture Department reported vi)Partial damage to 58 houses in Haripad town reported",IMD,,"554, 564",32
UEI-IMD-FL-2015-0047,2015-04-06,2015-04-10,5.0,heavy rains,,"Alappuzha, Ernakulam, Palakkad, Idukki, Kollam",Kerala,,,,,1.0,,,,1 person injured,"i)Damage to 250 acres of Paddy crops, 500 Banana plantation, vegetables,Gingili crops reported ii)Damage to worth Rs.30,000",IMD,,"554, 555, 563, 556, 559",32
UEI-IMD-FL-2015-0048,2015-04-11,2015-04-16,6.0,heavy rains,,"Ernakulam, Idukki, Kollam, Kozhikode, Malappuram, Pathanamthitta, Thiruvananthapuram, Wayanad",Kerala,,,,,5.0,,,,5 persons injured,"i)Damage to more than 12,000 Banana plantation, more than 350 acres of vegetable cultivation,Teak, Rubber trees reported ii)Damage to several houses reported iii)Approx Rs. 8 lakhs worth damage reported iv)Several trees uprooted,fell across the road causing damage to small vendors ad traffic disruption",IMD,,"555, 556, 559, 561, 562, 564, 565, 567",32
UEI-IMD-FL-2015-0049,2015-04-19,2015-04-25,7.0,,,"Alappuzha, Idukki, Kasaragod, Kannur, Malappuram, Palakkad, Pathanamthitta, Thiruvananthapuram",Kerala,,,,,1.0,13.0,,,"2 persons injured in Idukki District, 3 persons injured in Kannur District due to wall collapsed, 1 person injured in Malappuram district, 2 persons injured in Palakkad District, 1 person died,5 persons seriously injured in Thiruvananthapuram District","ALAPPUZHA : i)Vegetable crops e.g. Beans, Pumkin, Cucumber submerged ii)Alappuzha - Kottayam Pathanamthitta road traffic disrupted iii)Several areas submerged iv)Low-lying areas flooded IDUKKI : i)Severe damage to Agriculture crops including Rubber Teak, Banana, Arecanut, Cardamon,Coconut reported ii)Damage to 3 houses fully,4 houses partially reported KASARAGOD : i)Damage to 50 houses fully,20 houses partially reported ii)Damage to 15,000 Banana plantation, Rubber, Nutmeg, Coconut,more than 100 acres of agriculture crops reported iii)Loss worth crores as per Krishi Bhavan authorities reported KANNUR : Damage to Banana,vegetable crops reported MALAPPURAM : i)Damage to 100 acres of agricultural land,2220 Banana plantation reported ii)Loss worth lakhs rupees reported iii)Several trees including 25 Coconut, Arecanuts uprooted PALAKKAD : i)Damage to more than 10,000 Banana crops reported ii)Damage to more than 20 houses reported iii)Rs.1.5 crores worth damage estimated iv)Several trees, 25 electric poles uprooted causing disruption in vehicular traffic an power supply PATHANAMTHITTA : i)Damage to 20 acres of agricultural land reported ii)15 shops inundated iii)Damage to several vehicles, computers,motors of different shops reported THIRUVANANTHAPURAM : i)Extensive damage to agricultural crops Banana, Tapioca, vegetable in Meenmootil, Vamanapuram, Nelimood, Neyyattinkara, Vellarada etc. reported ii)City area, Coastal areas, low-lying areas,several houses in Poovar, Kanjiramkulam, Pulluvilla,Vanjiyoor police station station flooded iii)Damage to about one hundred houses reported iv)Damage to Thycaud-Women,child hospital reported v)Several trees/electric poles uprooted causing disruption in telecommunication services vehicular traffic,power supply vi)Loss worth lakhs of rupees reported",IMD,,"554, 556, 558, 557, 562, 563, 564, 565",32
UEI-IMD-FL-2015-0050,2015-04-26,2015-04-30,5.0,,,"Alappuzha, Ernakulam, Kannur, Kottayam, Malappuram, Pathanamthitta, Thiruvananthapuram, Wayanad",Kerala,,,,,,2.0,,,"1 person injured in Kannur District, 1 person injured in Kottayam District,","ALAPPUZHA : i)More than 200 fishermen families affected ii)Damage to 7 boats, nets, engine,fishing equipments in Neerkunam- Pounnapra coastal area reported iii)Around 15 lakhs rupees worth damage reported Ernakulam : i)Damage to 200 Banana,rubber Coconut, vegetable crops reported ii)Damage to Agriculture crops worth lakhs of rupees reported iii)Damage to several houses reported iv)Iriigation,drinking water supply disrupted KANNUR : i)Damage to 50 houses reported ii)Damage to 300 acres of agriculture crops reported KOTTAYAM i)Damage to hundreds of Rubber, Banana, Tapioca, Teak Coconut,vegetable crops reported ii)Damage to few houses reported MALAPPURAM : i)Around 5,000 hectares of addy fields flooded ii)Seeds ready for harvest, fell,got sprouted PATHANAMTHITTA : i)Damage to 2,500 Tapioca plantation reported ii)Damage to 5 houses reported THIRUVANANTHAPURAM & WAYANAD : i)Thousands of Banana plantations uprooted ii)Several electric cable lines damaged",IMD,,"554, 555, 557, 560, 562, 564, 565, 567",32
UEI-IMD-FL-2015-0051,2015-05-03,2015-05-05,3.0,heavy rains,,"Ernakulam, Idukki, Kannur, Palakkad, Thrissur, Thiruvananthapuram",Kerala,,,,,,2.0,,,2 persons injured as uprooted tree fell over the car,"i)Damage to more than 2,500 Banana crops reported,severe loss to Nutmeg, Tapioca,vegetable reported ii)Damage to more than 80 houses reported iii)Damage to portion of a school building, portion of a school building portion of a mosque reported iv)Damage to several electric cable lines including 11 KV electric ines reported v)Several trees uprooted causing disruption in vehicular traffic,power supply",IMD,,"555, 556, 557, 563, 566, 565",32
UEI-IMD-FL-2015-0052,2015-05-07,2015-05-09,3.0,heavy rains,,"Kottayam, Palakkad, Thrissur",Kerala,,,,,,1.0,,,1 person injured in Palakkad District,"KOTTAYAM : i)Damage to agriculture crops reported ii)Transformer collapsed iii)Damage to few houses reported iv)Damage to few houses reported by KSEB (Kerela State Electricity Board) authorities PALAKKAD & THRISSUR : i)Damage to more than 70 houses (Pookotkavu village - 40 Srikrishnapuram village - 29 reported ii)Damage to around 400 planation reported iii)15 Rubber trees,more than 50 electric poles uprooted causing disruption in vehicular traffic,power supply iv)Damage to Anganwadi building reported as uprooted tree fell over it v)Water supply disrupted for 2 days",IMD,,"560, 563, 566",32
UEI-IMD-FL-2015-0053,2015-05-10,2015-05-14,5.0,heavy rains,,"Ernakulam, Idukki, Kannur, Kasaragod, Kollam, Kozhikode, Malappuram, Palakkad, Thrissur, Wayanad",Kerala,,,,,,4.0,,,4 persons injured,"i)Damage to Agriculture crops Banana, Rubber crops,500 acres of Paddy fields reported ii)Damage to several houses reported iii)Water logging in low lying areas iv)Loss worth Rs.60,000/- v)Well caved in vi)A huge tree uprooted,fell across Kozhikode-Vythiri-Ooty State Highway causing traffic disruption",IMD,,"555, 556, 557, 558, 559, 561, 562, 563, 566, 567",32
UEI-IMD-FL-2015-0054,2015-05-15,2015-05-28,14.0,heavy rains,,"Kasaragod, Kollam, Thiruvananthapuram",Kerala,,,,,5.0,15.0,,,"5 persosnd died in Pozhiyoor, Thiruvananthapuram District 15 persons injured in Thiruvananthapuram District","KASARAGOD : Worth rupees One lakh damage reported KOLLAM : i)Extensive damage to agricultural crops mainly Banana, Tapioca crops reported ii)6 houses inundated iii)Low lying areas, field,Neduvathur-Palmootti canal flooded iv)Damage to house-hold electric appliances & wiring reproted v)Several trees uprooted causing disruption in vehicular traffic,power supply THIRUVANANTHAPURAM : i)Agriculture crops including Banana, Rubber crops submerged ii)Around 650 farmers affected iii)Low lying areas flooded iv)Damage to more than 300 houses reported v)People shifted to relief camps vi)Eastfort, Kilipalam, Karmana, Poojappura,Pazhavangadi areas innundated vii)Thampanoor railway station, Bus stand, bus terminus flooded viii)Several trees/electric poles uprooted causing disruption in vehicular traffic,power supply ix)Varkala beach area affected",IMD,,"558, 559, 565",32
UEI-IMD-FL-2015-0055,2015-06-08,2015-06-16,9.0,,,"Alappuzha, Kannur, Kollam, Thrissur, Thiruvananthapuram",Kerala,,,,,1.0,1.0,,,"1 person injured in Kollam District , 1 persosn died due to wall collapsed in Thrissur District",ALAPPUZHA : i)Damage to two acres of Banana crops reported ii)Damage to 10 houses reported iii)26 families of 90 persons shifted to relief camps iv)Water supply disrupted in beach areas KANNUR : District offie of Kerala Aided School Employees' Provident fund caved in KOLLAM : Damage to a house reported as coconut tree uprooted fell over it THRISSUR : i)Damage to 5 houses reported ii)Low-lying areas inundated iii)Severe waterlogging in the low-lying areas THIRUVANANTHAPURAM : i)Damage to 15 houses reported ii)Damage to Fiber oat factory reported iii)Around 1 lakh rupees worth damage reported iv)Several trees uprooted,IMD,,"554, 557, 559, 566, 565",32
UEI-IMD-FL-2015-0056,2015-06-19,2015-06-29,11.0,heavy rains,,"Alappuzha, Ernakulam, Idukki, Kasaragod, Kottayam, Palakkad, Pathanamthitta, Thrissur, Thiruvananthapuram, Wayanad",Kerala,,,,,11.0,17.0,,,"1 person drowned, 1 person injured in Alappuzha DIstrict , 5 students died as huge uprooted tree fell on them,8 others injured in another incident in Ernakulam district , 4 persons died in Idukki, District as uprooted trees fell on them , 3 people injured at Kasaragod District , 2 persons injured in Thrissur District , 2 persosn drowned,2 other missing in Thiruvananthapuram, District","ALAPPUZHA : i)Extensive damage to Paddy fields,lakhs rupees worth damage to standing crops reported ii)Damage to more than 300 houses,several shops reported iii)102 persons of 29 families shifted to relief camps iv)Loss of worth Rs. 5.3 lakhs estimated v)Several trees/electric poles uprooted causing disruption in vehicular traffic,power supply Ernakulam : i)Damage to 40,450 Banana plantation,1,200 Rubber trees reported ii)Damage to more than 135 houses reported iii)Loss of Rs. 2.5 crore reported iv)Several trees/electric poles uprooted causing disruption in vehicular traffic,power supply IDUKKI : i)Damage to 22.28 hectares of cultivated land reported ii)Damage to 4 houses fully,189 houses partially reported according to official of the District Disaster Management Cell iii)Loss to standing crops estimated Rs. 2.28 crore,houses Rs. 26.62 lakh reproted iv)Dmaage to Edamalakkudy Gram-Panchyat in Munnar forest division reported KASARAGOD : i)Damage to standing crops,some buildings reported ii)Loss worth Rs. 2.67 lakh reproted KOTTAYAM : i)Extensive damage to crops reported ii)Total loss of Rs. 19 lakh reproted iii)Damage to more than 200 houses Kozhikode i)A crop loss on 3.35 hectares reported by district administration ii)Damage to 20 houses fully,more than 160 houses partially reported iii)A big well caved in at Kundamangalam in Kozhikode District PALAKKAD : i)Damage to 12.13 hectares of cultivated land reported ii)LOss of standing crops worth at least Rs. 3 crore due to landslips reported iii)Damage to around 453 houses reported Assam more than 20 families relocated to temporary shelters iv)Loss of Rs. 1.5 crore reported v)Loss of Rs. 70 lakh reproted by Kerala State Electricity Board in Attappady alone. More than 150 electric poles uprooted PATHANAMTHITTA : i)Damage to houses reported ii)Three 11 KV electric posts damaged as a giant tree uprooted,fell over it THRISSUR : i)Damage to houses reported ii)Water logging in low lying areas iii)Several trees/electric poles uprooted causing disrupted in vehicular traffic,power supply THIRUVANANTHAPURAM : i)Hundreds of people affected due to water logging ii)Damage to more than 35 houses reported iii)Low lying areas inundated iv)361 people moved to safer places v)Several cars washed away WAYANAD : i)Damage to 44.54 hectares cultivated plantain,Ginger reported ii)Damage to around 485 houses reproted iii)A loss of about 10.30 crore rupees incurred in the rain related calamities iv)450 persons of 80 families shifted to relief camps v)Loss of Rs. 50 lakh reported by Kerala State Electricity Board due to damage of 500 electric poles",IMD,,"554, 555, 556, 558, 560, 563, 564, 566, 565, 567",32
UEI-IMD-FL-2015-0057,2015-07-18,2015-07-20,3.0,heavy rains,,Kannur,Kerala,,,,,9.0,,,,9 persons died,"i)Damage to 465 hectares of land,Rs. 3.76 crore of crops reported ii)Damage to 8 houses fully ans 416 houses partially reported. Property loss of Rs.97.92 lakh reported",IMD,,557,32
UEI-IMD-FL-2015-0058,2015-08-12,2015-08-12,1.0,heavy rains,,Kannur,Kerala,,,,,,,,,,i)Complete damage to one house reported ii)2 lakhs rupees worth damage reproted,IMD,,557,32
UEI-IMD-FL-2015-0059,2015-09-05,2015-09-06,2.0,heavy rains,,"Pathanamthitta, Thiruvananthapuram",Kerala,,,,,,,,3000,"Around 3,000 hens perished in Thiruvananthapuram","PATHANAMTHITTA : Loss of worth Rs. 3 lakhs reported as compund wall of a house collapsed THIRUVANANTHAPURAM : i)Damage to Agricultural crops including Rubber plantation, Banana, Tapioca worth crores reported ii)Damage to several shops, workshops, Govt. Dept. houses, bridges Oil-mill completely submerged causing damage worth Rs. 8 lakhs iii)Medicines of worth Rs.3 lakhs damaged, as Anand Veterinary hospital inundated iv)Low lying areas inundated v)200 houses marooned",IMD,,"564, 565",32
UEI-IMD-FL-2015-0060,2015-09-27,2015-09-28,2.0,heavy rains,,"Kannur, Wayanad",Kerala,,,,,,,,,,i)Damage to 3.5 acres of Paddy crops reported ii)Loss worth lakhs of rupees reproted as 2 acres of land damaged iii)Many roads washed away,IMD,,"557, 567",32
UEI-IMD-FL-2015-0061,2015-10-08,2015-10-09,2.0,heavy rains,,Thiruvananthapuram,Kerala,,,,,,1.0,,,1 person injured,"i)Damage to Agriculture crops including Rubber, Coconut trees reported ii)Damage to more than 150 houses reported",IMD,,565,32
UEI-IMD-FL-2015-0062,2015-10-30,2015-10-31,2.0,heavy rains,,Thiruvananthapuram,Kerala,,,,,,,,,More than 100 hens perished,"i)Extensive damage to agricultural crops reported ii)About 150 houses inundated iii)Low lying areas flooded iv)Several trees/electric poles uprooted causing disruption in vehicular traffic,power supply",IMD,,565,32
UEI-IMD-FL-2015-0063,2015-11-01,2015-11-21,21.0,heavy rains,,"Ernakulam, Malappuram, Pathanamthitta, Thiruvananthapuram",Kerala,,,,,2.0,,,,2 persons died,"i)Damage to Agricultural crops including Banana, Tapioca, Betelleaves, vegetables reported ii)Several houses inundated,complete damage to 11 houses reported iii)Many people shifted to safer places iv)Damage to about 70 vehicles reported v)Several trees/electric poles uprooted causing disruption in vehicular traffic,power supply",IMD,,"555, 562, 564, 565",32
UEI-IMD-FL-2015-0064,2015-12-08,2015-12-19,12.0,heavy rains,,"Alappuzha, Thiruvananthapuram",Kerala,,,,,,,,,,"i)Damage to more than 2,000 acres of Paddy cultivation,agricultural crops including Rubber, Banana, Tapioca, Yam, vegetables reproted ii)Low lying areas flooded iii)Tones of the seeds washed away iv)Several trees/electric poles uproooted causing disruption in vehicular traffic,power supply",IMD,,"554, 565",32
UEI-IMD-FL-2016-0076,2016-04-14,2016-04-14,1.0,heavy rains,,Kannur,Kerala,,,,,2.0,,,,2 persons died as compound wall collapsed on them.,Partial damage to one house reported.,IMD,,557,32
UEI-IMD-FL-2016-0077,2016-05-31,2016-05-31,1.0,heavy rains,,Kozhikode,Kerala,,,,,1.0,,,,One person died due to wall collapsed.,12 feet high compound wall collapsed.,IMD,,561,32
UEI-IMD-FL-2016-0078,2016-06-07,2016-06-09,3.0,"heavy rains, flood & landslides",,"Idukki, Kottayam, Thiruvananthapuram, Wayanad",Kerala,,,,,2.0,2.0,,,"One person died & other injured in Idukki Dist. due to landslide on 7th June. One person injured in Sreekaryam in Thiruvananthapuram Dist. One person died as a huge rock fell over him in Wayanad Dist, on 8th June.","Idukki : Complete damage to a house reported. Kottayam : i) One Anganvadi building collapsed in Thazhangadi. ii) Several trees/electric poles uprooted causing disruption in vehicular traffic & power supply. Thiruvananthapuram : i) Damage to vegetable crops reported as fields submerged. ii) 3 wells caved in. iii) Damage to more than 25 houses including house-hold appliances, Taluka office, dispensary, shop & a compound wall of a school reported. iv) More than 11 KV line broke & functioning of 4 transformers disrupted. v) In Kazhakootam, nearby houses inundated as Tettayar river flooded. Wayanad : A house completely damaged as a huge rock fell from 50 feet.",IMD,,"556, 560, 565, 567",32
UEI-IMD-FL-2016-0079,2016-06-10,2016-06-13,4.0,heavy rain,,"Idukki, Kannur, Kollam, Pathanamthitta, Thiruvananthapuram, Wayanad",Kerala,,,,,2.0,3.0,,,One person injured in each Idukki & Pathanamthitta Dist.2 persons including a child died in Kannur Dist. One person injured in Thiruvananthapuram Dist.,"Idukki & Pathanamthitta : 15 houses completely & 128 houses partially damaged. Kannur : 730 mts. long & 71/2 feet high compound wall of a house damaged. Kollam : i) 9 houses completely, 134 partially & several cowsheds damaged. ii) Several houses inundated. iii) Many electric cable lines broke. Thiruvananthapuram : i) Extensive damage to agricultural crops, vegetables, Banana crops, Tapioca reported. ii) Rs.7.25 lakhs worth damage reported. iii) 210 Rubber trees & 150 Banana plants & 7 electric posts uprooted in Pothencode area. iv) Low lying areas inundated. v) Well caved in vi) Damage to vehicles reported.vii) 12 houses completely & 22 partially damaged. Roofs of many houses blown away. viii) Side wall of a bridge collapsed. ix) Several trees/electric poles uprooted causing disruption in vehicular traffic & power supply. Wayanad : One house completely damaged.",IMD,,"556, 557, 559, 564, 565, 567",32
UEI-IMD-FL-2016-0080,2016-06-16,2016-06-19,4.0,heavy rain,,"Alappuzha, Ernakulam, Idukki, Kollam, Kottayam, Malappuram, Thrissur, Thiruvananthapuram, Wayanad",Kerala,,,,,,,,,Several students injured in Kuttanam in Alappuza Dist.,"Alappuzha : i) 33 houses completely, 38 partially & one Anganwadi damaged. ii) Several trees/electric poles uprooted causing disruption in vehicular traffic & power supply. Ernakulam, Idukki, Kollam, Kottayam, Malappuram, Thrissur: Damage to total 175 houses reported. Ernakulam - 28 completely Idukki - 7 completely & 69 partially;Kollam - 11 completely ; Kottayam - 55 completely ; Malappuram - 1 completely ; Thrissur - 4 completely damaged. Thiruvananthapuram : i) Damage to 1.53 hectares of vegetable crops, 1.25 lakh banana crops reported. ii) More than 35 houses completely & more than 430 houses partially damaged. iii) Loss of worth Rs.10.1 crores damage reported. iv) Damage to 1.53 hectares of vegetable crops, 1.25 lakh banana crops reported. v) Crores worth damage reported by KSEB as more than 2000 electric poles, one transformer 11 KV line, 50 electric cable lines damaged. vi) 30 families shifted to relief camps from Pallichal area. vii) Damage to 122 mts. Long Akashwani tower reported. viii) Damage to an Auto-rikshaw reported. viii)Several trees uprooted causing disruption in vehicular traffic. Wayanad : i) 4 houses partially damaged. ii) Several trees uprooted causing disruption in vehicular traffic.",IMD,,"554, 555, 556, 559, 560, 562, 566, 565, 567",32
UEI-IMD-FL-2016-0081,2016-06-26,2016-06-29,4.0,heavy rain,,"Kasaragod, Malappuram, Wayanad",Kerala,,,,,,,,,,"i) 20 hectares of agriculture land belonging to 157 farmers damaged causing loss of worth crores. Paddy, Ginger, Banana Damage to crops reported. ii) 52 families from different areas shifted to relief camps. iii) 4 wells caved in. iv) Full damage to 2 houses & partial damage to 106 houses reported. Also damage to 3 rooms of Higher Secondary School building reported. v) Low lying areas inundated. vi) Several trees/electric poles uprooted causing disruption in vehicular traffic & power supply.",IMD,,"558, 562, 567",32
UEI-IMD-FL-2016-0082,2016-07-02,2016-07-02,1.0,heavy rain,,Wayanad,Kerala,,,,,,,,,,i) Damage to 69 hectares agriculture crops reported due to which 444 farmers affected. ii) 22 houses fully & 65 partially damaged. iii) Several trees/electric poles uprooted causing disruption in vehicular traffic & power supply.,IMD,,567,32
UEI-IMD-FL-2016-0083,2016-07-10,2016-07-15,6.0,heavy rain,,"Idukki, Kasaragod, Wayanad",Kerala,,,,,1.0,1.0,,,One person died in Kasaragod Dist. & other injured in Idukki Dist.,"i) 4 houses, shop & five storied building under construction by the wayside of Kozhikode-Mysuru NH_212 collapsed. ii) Several trees/electric poles uprooted causing disruption in vehicular traffic & power supply.",IMD,,"556, 558, 567",32
UEI-IMD-FL-2016-0084,2016-09-18,2016-09-18,1.0,heavy rain,,Kozhikode,Kerala,,,,,6.0,,,,6 students died.,,IMD,,561,32
UEI-IMD-FL-2017-0065,2017-03-15,2017-03-16,2.0,Heavy Rains,,Alappuzha,Kerala,,,,,,,,,,Paddy field of over 600 acres inundated.,IMD,,554,32
UEI-IMD-FL-2017-0066,2017-03-06,2017-03-06,1.0,Heavy Rains,,Thiruvananthapuram,Kerala,,,,,,,,,,i) 3 houses damaged. ii) Water logging in Thampanoor. iii) Several trees/electric poles uprooted causing disruption in vehicular traffic & power supply.,IMD,,565,32
UEI-IMD-FL-2017-0067,2017-05-06,2017-05-06,1.0,Landslide,,Thiruvananthapuram,Kerala,,,,,,1.0,,,One person injured.,A house damaged.,IMD,,565,32
UEI-IMD-FL-2017-0068,2017-04-08,2017-04-08,1.0,Heavy Rains,,Pathanamthitta,Kerala,,,,,1.0,,,,One woman died due to wall collapsed,i) One house damaged. ii) Several trees/electric poles uprooted causing disruption in vehicular traffic & power supply.,IMD,,564,32
UEI-IMD-FL-2017-0069,2017-06-08,2017-06-08,2.0,Heavy Rains,,Idukki,Kerala,,,,,2.0,,,,2 persons died.,Several trees/electric poles uprooted causing disruption in vehicular traffic & power supply.,IMD,,556,32
UEI-IMD-FL-2017-0070,2017-08-28,2017-08-28,1.0,Heavy Rains,,Wayanad,Kerala,,,,,,,,,,Damage to Karapuzha bridge reported.,IMD,,567,32
UEI-IMD-FL-2017-0071,2017-05-09,2017-07-09,3.0,Heavy Rains,,"Thiruvananthapuram, Wayanad",Kerala,,,,,,,,2000,2000 hens perished in Thiruvananthapuram Dist.,i) Damage to Paddy crops reported. ii) Damage to 13 houses reported. 200 houses inundated. iii) Vehicular traffic disrupted due to water logging in many areas. iv) Hundreds of Rubber trees/electric poles uprooted causing disruption in vehicular traffic & power supply.,IMD,,"565, 567",32
UEI-IMD-FL-2017-0072,2017-08-09,2017-10-09,3.0,Heavy Rains,,"Idukki, Kozhikode,  Thiruvananthapuram",Kerala,,,,,6.0,,,,6 persons died in Thiruvananthapuram Dist.,i) Damage to 5 houses including household items reported. ii) Damage to X Ray machine reported. iii) Disruption in Rail & vehicular traffic reported due to water logging.,IMD,,"556, 561, 565",32
UEI-IMD-FL-2017-0073,2017-09-17,2017-09-17,1.0,Heavy rains & landslide,,"Idukki, Kottayam,  Thiruvananthapuram",Kerala,,,,,4.0,,,,4 persons died in Thiruvananthapuram Dist.,i) Crop cultivation & Paddy crops submerged. ii) Trains were delayed due to landslide on railway track. iii) Vehicular traffic disrupted due to water logging in many areas. iv) Several trees/electric poles uprooted causing disruption in vehicular traffic & power supply.,IMD,,"556, 560, 565",32
UEI-IMD-FL-2017-0074,2017-09-18,2017-09-19,2.0,Heavy rains & landslide,,"Idukki, Kottayam, Kozhikode,  Thiruvananthapuram, Thrissur, Wayanad",Kerala,,,,,5.0,2.0,,,Total 5 persons died & 2 others injured. (3 persons died & other injured in Kottayam Dist. 2 persons died & other injured in Thiruvananthapuram Dist.),"i) Damage to 314 houses reported. Alappuzha-51, Idukki-21, Kasaragod-4, Kollam-25, Kottayam-15, Kozhikode-about 95, Malappuram-5, Pathanamthitta-10, Thiruvananthapuram-80, Thrissur-7, Wayanad-1. ii) Several trees/electric poles uprooted causing disruption in vehicular traffic & power supply.",IMD,,"556, 560, 561, 565, 566, 567",32
UEI-IMD-FL-2017-0075,2017-10-22,2017-10-22,1.0,Heavy Rains,,Thiruvananthapuram,Kerala,,,,,,1.0,,,One person injured at Varkala Taluka,i) Damage to houses reported. ii) Damage to drinking water supply line reported. iii) Several trees/electric poles uprooted causing disruption in vehicular traffic & power supply.,IMD,,565,32
UEI-IMD-FL-2017-0076,2017-02-11,2017-03-11,2.0,Heavy Rains,,Thiruvananthapuram,Kerala,,,,,,,,,,i) Eight houses were Flooded ii) Rubber Trees submerged in rain. iii) Several trees/electric poles uprooted causing disruption in vehicular traffic & power supply,IMD,,565,32
UEI-IMD-FL-2017-0077,2017-05-11,2017-06-11,2.0,Heavy Rains,,"Kozhikode,  Thiruvananthapuram",Kerala,,,,,,,,,,i) Damage to crops reported. ii) 15 houses flooded.,IMD,,"561, 565",32
UEI-IMD-FL-2018-0030,2018-03-18,2018-03-18,1.0,Heavy rains,,Thiruvananthapuram,Kerala,,,,,,,,,,i) Damage to lakhs of agricultural crops reported. ii) Damage to 50 houses reported. iii) Many rubber trees uprooted.,IMD,,565,32
UEI-IMD-FL-2018-0031,2018-04-22,2018-04-22,1.0,Heavy rains,,Wayanad,Kerala,,,,,,,,,,"Damage to thousands of Banana plants, Palm trees, rubber & coconut trees reported",IMD,,567,32
UEI-IMD-FL-2018-0032,2018-05-13,2018-05-14,2.0,Heavy rains,,Thiruvananthapuram,Kerala,,,,,,,,,,i) Damage to many houses reported & 18 houses inundated. ii) Many trees/electric poles uprooted.,IMD,,565,32
UEI-IMD-FL-2018-0033,2018-05-16,2018-05-17,2.0,Heavy rains,,Thiruvananthapuram,Kerala,,,,,,,,,A KSRTC bus driver injured as a tree fell on bus.,i) Damage to fiber boat causing loss of Rs.5 lakhs reported. ii) Damage to houses reported. iii) Several trees/electric poles uprooted.,IMD,,565,32
UEI-IMD-FL-2018-0034,2018-05-21,2018-05-21,1.0,Heavy rains / Floods,,Thiruvananthapuram,Kerala,,,,,1.0,,,,One person died due to wall collapsed.,i) Damage to house reported. ii) Several trees/electric poles uprooted.,IMD,,565,32
UEI-IMD-FL-2018-0035,2018-05-29,2018-07-31,34.0,Heavy rains / Floods,,"Alappuzha, Ernakulam, Idukki, Kannur, Kasaragod, Kollam, Kottayam, Kozhikode, Malappuram, Palakkad, Pathanamthitta, Thrissur, Thiruvananthapuram, Wayanad",Kerala,,,,,138.0,,,,"Total 138 persons died. Alappuzha -12, Ernakulam �������� 6, Idukki - 5, Kannur�������� 22, Kasaragod - 12, Kollam - 3, Kottayam �������� 9, Kozhikode �������� 21, Malappuram��������13, Palakkad �������� 4, Pathanamthitta �������� 8, Thrissur �������� 11, Thiruvananthapuram - 7, Wayanad �������� 5. Many animals perished.","i) Damage to 27359.135 hectares of crops of estimated cost of about 3726.118 lakhs rupees reported. ii) Damage to 439 pacca houses fully or partially of estimated cost of about 6389.64 lakhs rupees reported. iii) Damage to fishing assets such as boats,nets reported iv) Damage to roads, irrigation canals, water supply schemes,community owned open wells reported.",IMD,,"554, 555, 556, 557, 558, 559, 560, 561, 562, 563, 564, 566, 565, 567",32
UEI-IMD-FL-2018-0036,2018-01-08,2018-08-30,30.0,Heavy rains / Floods,,"Alappuzha, Ernakulam, Idukki, Kannur, Kasaragod, Kollam, Kottayam, Kozhikode, Malappuram, Palakkad, Pathanamthitta, Thrissur, Thiruvananthapuram, Wayanad",Kerala,,,,,339.0,,,847209,"Total 339 persons died. Alappuzha -43, Ernakulam �������� 58, Idukki - 54, Kannur�������� 6, Kasaragod - 1, Kollam - 5, Kottayam �������� 14, Kozhikode �������� 16, Malappuram��������30, Palakkad �������� 20, Pathanamthitta �������� 3, Thrissur �������� 72, Thiruvananthapuram - 11, Wayanad �������� 6. While, 40188 large animals, 7765 small animals,799256 birds perished.","i) Damage to 59345.37 hectares of crops of estimated cost of about 7357.104 lakhs rupees reported. ii) Damage to total of 1,11,356 urban houses in urban areas,6,92,848 houses in grama panchayaths in Alappuzha, Ernakulam, Kottayam, Pathanamthitta, Thrissur,Wayanad districts reported iii) Damage to fishing assets such as boats,nets reported. iv) 5 major Hydro Stations,7 small hydro-electric power projects in the State were impacted. Damage in the transmission wing includes 50 Substations. Viz. 22 Stations got submerged, control Systems got v) damaged, 10 Power Transformers inundated,10 Major Transmission Corridors interrupted. In Distribution Sector around 284 Electrical Sections in 6 Districts impacted, around 1000 Distribution Transformers submerged, 3500 km Distribution lines destroyed, 30,000 electric poles damaged, 5 lakhs single phase,1 lakh three phase energy meters damaged. vi) Some roads,bridges completely washed away. Damage to Irrigation canals, Public Taps, Pipelines, Pump houses, check dams, Bunds, Irrigation Pumps,other irrigation machineries,structures reported.",IMD,,"554, 555, 556, 557, 558, 559, 560, 561, 562, 563, 564, 566, 565, 567",32
UEI-IMD-FL-2018-0037,2018-10-21,2018-10-21,1.0,Heavy rains,,Malappuram,Kerala,,,,,,,,,,Extreme damage to Ponnur Govt. High School Building reported,IMD,,562,32
UEI-IMD-FL-2018-0038,2018-11-16,2018-11-16,1.0,Heavy rains,,"Alappuzha, Idukki",Kerala,,,,,,,,,,"i) Damage to 7 houses completely,7 houses partially reported in Idukki Dist. ii) A tree uprooted & fallen on railway track causing delay to train for hours in Alappuzha Dist. iii) Several trees/electric poles uprooted causing disruption in vehicular traffic & power supply.",IMD,,"554, 556",32
UEI-IMD-FL-2018-0039,2018-11-17,2018-11-17,1.0,Heavy rains,,Alappuzha,Kerala,,,,,,,,,,"i) Damage to 11 houses completely,156 houses partially reported. ii) Damage to 200 electric posts reported. iii) Many trees uprooted.",IMD,,554,32
UEI-IMD-FL-2018-0040,2018-12-28,2018-12-28,1.0,Heavy rains,,Wayanad,Kerala,,,,,,,,,,Damage to acers of paddy fields & also harvested paddy crops reported.,IMD,,567,32
UEI-IMD-FL-2019-0049,2019-04-19,2019-04-19,1.0,Heavy Rain,,Wayanad,Kerala,,,,,,,,,,i) Damage to house reported. ii) Damage to vehicles reported. iii) Electric supply disruption reported.,IMD,,567,32
UEI-IMD-FL-2019-0050,2019-04-24,2019-04-26,3.0,Heavy Rain,,"Malappuram, Thiruvananthapuram, Wayanad",Kerala,,,,,3.0,2.0,,,3 persons died & 2 others injured at Malappuram on 25th April.,i) Damage to plantain cultivation reported. ii) Damage to several houses reported. iii) Damage to many vehicles reported. iv) Several trees/electric poles uprooted causing disruption in vehicular traffic & power supply.,IMD,,"562, 565, 567",32
UEI-IMD-FL-2019-0051,2019-04-28,2019-04-29,2.0,Heavy Rain,,"Thiruvananthapuram, Wayanad",Kerala,,,,,,,,,,i) Damage to plantain cultivation reported. ii) Roofs of several houses blown away.,IMD,,"565, 567",32
UEI-IMD-FL-2019-0052,2019-05-16,2019-05-16,1.0,Heavy Rain,,Wayanad,Kerala,,,,,,,,,,"i) Damage to one-acre paddy crop, around 500 rubber, 50 areca nut & 25 coconut trees,800 banana plantations reported. ii) Damage to houses reported. iii)Around one lakh worth damage reported. iv) Several trees/electric poles uprooted causing disruption in vehicular traffic & power supply.",IMD,,567,32
UEI-IMD-FL-2019-0053,2019-05-19,2019-05-19,1.0,Heavy Rain,,Wayanad,Kerala,,,,,,,,,,"i) Damage to 3100 banana plantation, Rubber,areca nut trees reported. ii) Damage to electric posts reported. iii)Disruption in water supply reported. iv) Disruption in traffic,power supply at NH-766 reported as huge tree uprooted,fell across.",IMD,,567,32
UEI-IMD-FL-2019-0054,2019-05-24,2019-05-24,1.0,Heavy Rain,,Thiruvananthapuram,Kerala,,,,,1.0,,,,One person electrocuted & other injured.,"i) Extensive damage to Banana plantation reported. ii) Damage to SAT Hospital, Children��������s ICU Ward, several houses, shops including Ration shop, Bakery reported. iii) 5 families shifted to relief camps. iv) 50 Quintals of rice, 40 liters of Kerosene submerged. v) Several trees/electric poles uprooted causing disruption in vehicular traffic & power supply.",IMD,,565,32
UEI-IMD-FL-2019-0055,2019-09-06,2019-06-13,5.0,Heavy Rain,,Thiruvananthapuram,Kerala,,,,,2.0,,,,2 persons electrocuted on 10th.,"i) Damage to agriculture crops, thousands of banana crops, coconut trees,rubber trees reported. Also, 150 year old huge Banyan tree uprooted. ii) Low lying areas,cultivated land submerged. iii) Damage to more than 100 houses reported. iv) Damage to vehicles, electric-cables, household appliances, seaside road & fishing equipments reported. v) About 200 families shifted to safer areas / relief camps. vi) Loss of 4 lakhs reported",IMD,,565,32
UEI-IMD-FL-2019-0056,2019-12-06,2019-12-06,1.0,Heavy Rain,,"Ernakulam, Malappuram",Kerala,,,,,,,,,,i) Damage to many houses & Dairy-farm reported. ii) Hundreds of people living along the coast evacuated.,IMD,,"555, 562",32
UEI-IMD-FL-2019-0057,2019-06-14,2019-06-14,1.0,Heavy Rain,,"Malappuram , Wayanad",Kerala,,,,,,,,,,Damage to many houses & Dairy-farm reported.,IMD,,"562, 567",32
UEI-IMD-FL-2019-0058,2019-06-20,2019-06-20,1.0,Heavy Rain,,"Kannur, Kasaragod",Kerala,,,,,,,,,,i) Damage to houses reported. ii) More than 150 people shifted to relief camps,IMD,,"557, 558",32
UEI-IMD-FL-2019-0059,2019-10-07,2019-10-07,1.0,Landslide,,Kottayam,Kerala,,,,,,,,,,i) Damage to a house reported. ii) Transport disrupted.,IMD,,560,32
UEI-IMD-FL-2019-0060,2019-07-18,2019-07-20,3.0,Heavy rains,,"Alappuzha , Ernakulam, Idukki, Kannur, Kasaragod, Kollam, Kottayam, Kozhikode, Pathanamthitta, Thrissur, Thiruvananthapuram, Wayanad",Kerala,,,,,12.0,1.0,9,,"Total 12 persons died, 9 persons missing & one injured. Ernakulam �������� 1 person died due to wall collapsed, Kannur-2 persons died & other injured, Kasaragod �������� 1 person died, Kollam �������� 1 fisherman drowned & 2 others missing. Kottayam �������� 1, Kozhikode -1 person died, Thrissur �������� 1 person drowned, Thiruvananthapuram - 3 persons died & 7 fishermen missing, Wayanad �������� 1 person died.",i) Damage to about 180 houses reported. ii) Low-lying areas inundated. iii) Damage to boats reported. iv) Several families shifted to relief camps. v) Transport disrupted due to Landslip in several places in Idukki Dist. vi) Transport disrupted due to water logging in Pathanamthitta Dist.,IMD,,"554, 555, 556, 557, 558, 559, 560, 561, 564, 566, 565, 567",32
UEI-IMD-FL-2019-0061,2019-07-28,2019-07-28,1.0,Landslip,,Idukki,Kerala,,,,,,,,,,"i) Damage to shops, parked vehicles reported. ii) Traffic disrupted at National Highway in Munnar as rocks,mud caved in.",IMD,,556,32
UEI-IMD-FL-2019-0062,2019-04-08,2019-06-08,3.0,Heavy rains & Landslip,,Wayanad,Kerala,,,,,,,,,,i) Bridge washed away. ii) Huge iron-pipe broke. iii) People shifted to safer places.,IMD,,567,32
UEI-IMD-FL-2019-0063,2019-07-08,2019-07-08,1.0,Heavy rains,,Thiruvananthapuram,Kerala,,,,,,,,,,"i) Damage to 4 houses reported. ii) Damage to several vehicles reported. iii) Damage to boats reported. iv) Rail-traffic disrupted. v) Several trees, electric / telephone poles uprooted causing disruption in communication,power supply.",IMD,,565,32
UEI-IMD-FL-2019-0064,2019-08-08,2019-08-08,1.0,"Heavy rains, Floods (Muvattupuzha & Kabani river) & Landslip",,"Ernakulam, Idukki, Kannur, Kasaragod, Kozhikode, Malappuram, Palakkad, Thiruvananthapuram, Thrissur, Wayanad",Kerala,,,,,23.0,10.0,40,,"Idukki : 2 persons including a child died. Kannur : One person died. Kasaragod : One person died. Kozhikode : One person died. Malappuram : One person died. Palakkad : One person died. Thrissur : One person electrocuted. Wayanad : 15 persons died, 40 others missing & 10 injured.","Ernakulam : i) Apron area of Kochi International Airport & the taxi way of CIAL flooded. ii) Air traffic disrupted. iii) Muvattupuzha River flooded. Idukki : i) Damage to around 500 houses reported. ii) Damage to shed reported. iii) Landslide occurred in 30 places. iv) Landslip occurred at 70 places. v) Munnar, Marayur & Mankulam areas isolated due to floodin Kannur : i) Several areas of Sreekanthapuram, Kellakom, Kottiyoor, Ambayathode, Mattannur, Mannur, Iritty,,Vallithode flooded. ii) Traffic disrupted due to landslide. Kasaragod : i) 25 families isolated, as cut-off from main land. ii) Road traffic disrupted. Kozhikode : i) Landslide occurred 4 times. ii) 4 families shifted to relief camps. iii) Traffic including bus services,power-supply disrupted. Malappuram : i) Around 200 houses,100 commercial establishments inundated. ii) 920 people from 21 places shifted to safer places. iii) Nilambur-Kozhikode route bus services,traffic disrupted. iv) 292 families shifted to 171 relief camps. Palakkad : i) Landslide occurred at 11 places. ii) Power supply & Traffic disrupted in several areas. Thiruvananthapuram : i) Damage to rubber crops, Banana plantation,,several vegetable crops repored. ii) Damage to houses including appliances repored. iii) Damage to about 100 electric post & about 380 electric cable-line around 50 places reported. iv) Damage to vehicles reported. v) Huge Advertisement play-cards fell. vi) Trees uprooted around 179 places in the city. vii) Transport,power supply disrupted. viii) Fire force,electricity department contributed a lot in rescue operations. Thrissur : i) Landslide occurred. ii) Power supply,traffic disrupted in several areas. iii) Railway services disrupted as Railway track inundated. Wayanad : i) Extensive damage to crops including 100 acres of tea-plantation reported. ii) Church, mosque,a temple & vehicles caved in. iii) Damage to about 125 houses reported. iv) Shops inundated. v) 257 families shifted to relief camps. vi) Damage to roads reported. vii) Low-lying areas submerged. viii) Several trees, electric / telephone poles uprooted causing disruption in communication,power supply.",IMD,,"555, 556, 557, 558, 561, 562, 563, 565, 566, 567",32
UEI-IMD-FL-2019-0065,2019-09-08,2019-09-08,1.0,Heavy rains & Landslide,,"Ernakulam, Idukki, Kannur, Malappuram, Palakkad, Thiruvananthapuram, Thrissur, Wayanad",Kerala,,,,,19.0,2.0,,,Idukki : 2 persons died. Kannur : One person died. Malappuram : 8 persons died. Thiruvananthapuram: 2 persons injured. Wayanad : 8 persons died.,"Ernakulam : i) Flight service disrupted as CIAL Kochi runway flooded. ii) Air port shutdown for 2 days. iii) 115 relief camps opened. Idukki : i) Damage to agricultural crops reported. ii) Damage to houses reported. iii) Damage to roads reported. iv) Power supply & mobile services disrupted. Kannur : i) Houses inundated. ii) 6,221 persons shifted to relief camps Malappuram : i) Landslide reported. ii) More than 30 houses including 48 persons of 19 family caved in. iii) 1200 persons shifted to 82 relief camps. iv) Communication,power supply disrupted. Palakkad : i) Damage to agricultural crops reported. ii) Damage to houses reported. iii) 44 relief camps opened. Thiruvananthapuram : i) Damage to agriculture crops reported. ii) Damage to about 200 houses reported. iii) Damage to an autorikshaw reported. iv) 19 persons shifted to relief camps. v) Several trees including Tamarind & Rubber trees, electric / telephone poles uprooted causing disruption in communication,power supply.  Thrissur : 6,473 persons shifted to 91 relief camps. Wayanad : i) Damage to more than 100 acres of tea plants reported. ii) Damage to several buildings & a temple reported.",IMD,,"555, 556, 557, 562, 563, 565, 566, 567",32
UEI-IMD-FL-2019-0066,2019-10-08,2019-10-08,1.0,"Heavy rains, Floods & Landslide",,"Alappuzha, Ernakulam, Idukki, Kannur, Kasaragod, Kollam, Kottayam, Kozhikode, Malappuram, Palakkad, Pathanamthitta, Thiruvananthapuram, Thrissur, Wayanad",Kerala,,,,,8.0,1.0,,,Kannur : 2 persons died. Kozhikode : 5 persons died. Thiruvananthapuram : One woman injured in Pathencode. Thrissur : One person died.,"Alappuzha : i) Damage to agriculture crops reported. ii) Several houses inundated. iii) Home appliances washed away. iv) NDMA Chengannur & Army in Thiruvalla help in rescue operations. v) 824 families with 2836 persons shifted to 6 relief camps. Ernakulam : i) 23,156 persons shifted to 133 relief camps. ii) Damage to 2 houses fully & 54 houses partially reported. Idukki : i) Landslide occurred at 4 different places. ii) Damage to several acres of agriculture crops reported. iii) 4 bridges washed away in Cheruthoni. iv) Several houses,business institutes submerged. v) 1192 persons shifted to 26 relief camps. vi) Damage to roads reported. vii) Power supply & mobile services disrupted. Kannur : i) Landslide at three different places reported. ii) Several villages cut-off from other parts. iii) 9743 persons shifted to 104 relief camps. Kasaragod : i) Damage to 21 houses fully & 282 partially reported. ii) Low-lying areas submerged. iii) Tejaswani River flooded. iv) 2549 people of 726 families shifted to 19 relief camps. Kollam : i) Damage to 153 houses partially & 2 housed fully reported. ii) Chengotta-Punalur path railway services disrupted. Kottayam : i) Damage to agriculture crops including paddy reported. ii) Loss of worth crores reported. iii) Low-lying areas inundated. iv) 4000 people shifted to relief camps. Kozhikode : i) Damage to 3 bridges reported, which cause Maruthilav village cut-off from other parts. ii) Railway services disrupted. iii) 37409 persons shifted to 287 relief camps. iv) 43 villages inundated. v) Damage to a vehicle reported. Malappuram : i) Bharathapuzha flooded. ii) Hundreds of houses inundated. iii) 683 families with 8272 persons shifted to 187 relief camps. iv) Damage to Vaniempuzha hanging bridge reported. v) Around 200 people in the forest area cut-off from main land. Palakkad : i) Damage to Paddy cultivation reported. ii) 2,836 families with 8,272 persons shifted to 81 relief camps. Pathanamthitta : i) Damage to agriculture crops worth 2.5 lakhs reported. ii) Damage to 51 houses reported. iii) Low-lying areas inundated in upper Kuttanad areas. iv) 1788 members of 458 families shifted to 39 relief camps. Thiruvananthapuram : i) Damage to a compound wall of a rest house reported. ii) Damage to 6 houses fully & 78 houses partially reported. 30 houses inundated & 4 houses submerged. iii) Damage to 2 cars reported. iv) Several trees including Tamarind & Rubber trees, electric / telephone poles uprooted causing disruption in communication,power supply. Thrissur : 18,684 persons of 5,291 families shifted to 152 relief camps. Wayanad : i) Tea estate plantation,several tourist monuments caved in. 63 persons caved in ii) Damage to about 70 houses reported. iii) 32,276 persons shifted to 197 relief camps. iv) Power supply disrupted.",IMD,,"554, 555, 556, 557, 558, 559, 560, 561, 562, 563, 564, 565, 566, 567",32
UEI-IMD-FL-2019-0067,2019-11-08,2019-08-14,4.0,Heavy rains & Landslide,,"Alappuzha, Idukki, Kollam, Malappuram, Thiruvananthapuram, Wayanad",Kerala,,,,,2.0,7.0,,,Thiruvanantha-puram : 2 fishermen died. 7 other persons injured in different incidences. Wayanad : One person died at Kalpetta on 11th.,"Alappuzha : i) Extensive damage to crops including paddy cultivation reported. ii) Several houses inundated. iii) Damage worth 37 crores estimated. iv) 13,800 persons of more than 3000 families shifted to 89 relief camps. v) Roads submerged. vi) Traffic disrupted. Idukki : i) Town flooded by Muthirapuzha River. ii) About 1400 persons shifted to 21 relief camps. iii) Damage to roads reported. iv) Power supply & mobile services disrupted.  Kollam : i) Damage to house reported. ii) Hectares of agriculture crops submerged. iii) Roads inundated. Malappuram : i) Extensive damage to a bridge reported causing isolation of Shantigramam. ii) Some hoses flooded. Thiruvananthapuram : i) Damage to crops mainly Banana cultivation reported. ii) Damage to several houses reported. Wayanad : i) Low-lying areas inundated. ii) 35,155 people shifted to 203 relief camps. iii) Damage to crops reported.",IMD,,"554, 556, 559, 562, 565, 567",32
UEI-IMD-FL-2019-0068,2019-08-19,2019-08-20,2.0,Heavy rains,,"Alappuzha, Thiruvananthapuram, Wayanad",Kerala,,,,,,,,,,"Alappuzha : i) Damage to 5 houses fully & 115 houses partially reported. ii) 300 people shifted to 3 relief camps. Thiruvananthapuram : Damage to houses reported. Wayanad : i) Damage to crops Viz. Paddy (45 hectare), Bannana (20 hectare), Ginger (4 hectare), Arecanut (2 hectare), tapioca (2 hectare) & Tuber crops reported. ii) Dairy farms affected. iii) Damage worth one crore reported. iv) Damage to a house reported. v) Kavadam, Chekkalloor areas more affected.",IMD,,"554, 565, 567",32
UEI-IMD-FL-2019-0069,2019-08-22,2019-08-23,2.0,Heavy rains,,Wayanad,Kerala,,,,,,,,,,i) Damage to agriculture crops reported. ii) Damage to about 10 houses including home appliances reported. iii) 30 families shifted to relief camps.,IMD,,567,32
UEI-IMD-FL-2019-0070,2019-03-09,2019-09-09,2.0,Heavy rains,,Wayanad,Kerala,,,,,,,,,,i) Damage to Ginger crops reported. ii) Damage to school building reported. iii) Damage to a house including household appliances reported. iv) Damage worth lakhs reported,IMD,,567,32
UEI-IMD-FL-2019-0071,2019-12-09,2019-12-09,1.0,Heavy rains & Landslide,,Malappuram,Kerala,,,,,,,,,,i) Damage to several houses reported. ii) Roads washed away. iii) Hundreds of houses inundated. iv) Power supply disrupted.,IMD,,562,32
UEI-IMD-FL-2019-0072,2019-09-26,2019-09-26,1.0,Heavy rains,,Thiruvananthapuram,Kerala,,,,,,,,,,i) Water logging in low-lying areas of Thampanoor. ii) Road transport disrupted. iii) One house damaged completely at Attingal,IMD,,565,32
UEI-IMD-FL-2019-0073,2019-10-17,2019-10-17,1.0,Heavy rains & Landslide,,Thiruvananthapuram,Kerala,,,,,,,,,,"i) Extensive damage to agriculture crops reported. ii) Bridges submerged. iii) Landslide reported at 8 places & Landslip reported at Kallar-Ponmudi road. iv) Houses submerged. v) Vehicular Traffic,power-supply disrupted.",IMD,,565,32
UEI-IMD-FL-2019-0074,2019-10-21,2019-10-21,1.0,Heavy rains & Landslide,,"Alappuzha, Ernakulam, Idukki, Kannur, Kasaragod, Kollam, Kottayam, Kozhikode, Malappuram, Palakkad, Pathanamthitta, Thiruvananthapuram, Thrissur, Wayanad",Kerala,,,,,1.0,,,,Kottayam : One person electrocuted.,"Alappuzha : i) Paddy fields inundated. ii) 446 families shifted to a relief camp. iii) Transport disrupted. iv) Water- logging in low-lying areas. Ernakulam : i) Houses & Ernakulam North Railway-station tracks flooded. ii) Transport & train-services disrupted. iii) 11 relief camps opened. iv) Landslip reported in Velloor(Piravom). Kollam : i) Complete damage to 5 houses reported. ii) 3 relief camps opened. Kottayam : i) Traffic,power-supply disrupted. ii) 2 relief camps opened. Malappuram : i) Agriculture land inundated. ii) Power-supply disrupted. Palakkad : i) Landslide reported in Attappady. ii) Traffic,power-supply disrupted at several areas. iii) 9 relief camps opened. Thiruvananthapuram : i) Damage to 30 houses reported. ii) Power-supply,traffic disrupted. Districts of Kerala : i) Damage to 34 houses reported. ii) 1380 families with 3506 persons shifted to 16 relief camps in the state.",IMD,,"554, 555, 556, 557, 558, 559, 560, 561, 562, 563, 564, 565, 566, 567",32
UEI-IMD-FL-2019-0075,2019-10-22,2019-10-22,1.0,Heavy rains,,Thiruvananthapuram,Kerala,,,,,,,,,,"i) Damage to houses reported. ii) Damage to roads reported. iii) Traffic disrupted. iv) Vengaranmood, Kattakada, Varkala area affected.",IMD,,565,32
UEI-IMD-FL-2019-0076,2019-10-30,2019-10-31,2.0,Heavy rains,,Thiruvananthapuram,Kerala,,,,,,,,,,i) Damage to agricultural crops including Banana & vegetable crops reported. ii) Damage to about 20 houses reported. iii) Well caved in. iv) Low-lying areas inundated. v) Extensive damage in the Ponmudi- Bonacaud forest area reported. vi) Landslide reported on Ponmudi route. vii) Several trees/electric poles uprooted causing disruption in vehicular traffic & power supply.,IMD,,565,32
UEI-IMD-FL-2019-0077,2019-01-11,2019-02-11,2.0,Heavy rains,,"Alappuzha, Idukki, Thiruvananthapuram",Kerala,,,,,,,,,,"i) 10,400 hectares of paddy fields submerged. ii) Damage worth rupees 12.25 crores reported. iii) Complete damage to a house reported.",IMD,,"554, 556, 565",32
UEI-IMD-FL-2019-0078,2019-10-11,2019-10-11,1.0,Heavy rains,,Wayanad,Kerala,,,,,,1.0,,2,One person injured & 2 cows perished.,,IMD,,567,32
UEI-IMD-FL-2019-0079,2019-11-11,2019-11-17,2.0,Heavy rains,,Thiruvananthapuram,Kerala,,,,,,,,,,i) Damage to 2 houses reported. ii) Damage to electrical appliances reported. iii) Damage to a asbestos sheets reported. iv) Damage of more than 2 lakhs reported. v) Water logging in several areas reported.,IMD,,565,32
UEI-IMD-FL-2019-0080,2019-11-20,2019-11-20,1.0,Heavy rains,,"Kannur, Malappuram, Thiruvananthapuram",Kerala,,,,,3.0,,,,"Total 3 persons died. Kannur-2, Malappuram �������� 1.",i) Low-lying areas including Kalotsavam �������� Vedi School inundated. ii) Trees uprooted.,IMD,,"557, 562, 565",32
UEI-IMD-FL-2019-0081,2019-03-12,2019-03-12,1.0,Heavy rains,,Wayanad,Kerala,,,,,,,,,,Damage to hectares of paddy crops & Banana crops reported.,IMD,,567,32
UEI-IMD-FL-2020-0044,2020-02-01,2020-03-01,2.0,Heavy Rains,,"Malappuram, Thiruvananthapuram",Kerala,,,,,,,,,,"i) Damage to compound wall of Government school at Attingal, Thiruvananthapuram reported. ii) Damage to a house reported. iii) Damage to a bike reported. iv) Trees uprooted.",IMD,,"562, 565",32
UEI-IMD-FL-2020-0045,2020-04-24,2020-04-28,2.0,Heavy Rains,,Thiruvananthapuram,Kerala,,,,,,,,,,"i) Damage to houses reported. ii) Trees uprooted at several places,heavy branches broken causes disruption to electric supply. iii) Waterlogging reported in low lying areas.",IMD,,565,32
UEI-IMD-FL-2020-0046,2020-03-05,2020-03-05,1.0,Heavy Rains,,Pathanamthitta,Kerala,,,,,,,,,,i) Extensive damage to standing crops reported. ii) Damage to about 100 houses reported. iii) Damage to 80 electric posts reported. iv) Vehicular traffic remained disrupted for a long time on many roads,IMD,,564,32
UEI-IMD-FL-2020-0047,2020-07-05,2020-08-05,2.0,Heavy Rains,,Thiruvananthapuram,Kerala,,,,,,,,,,"i) Chirayinkeezh, Neyyattinkara, Vizhinjam area affected. ii) Damage to acres of agricultural crops reported. iii) Damage to more than 174 houses reporteded. iv) Electric posts broke down cause disruption to power supply at many places. v) Trees uprooted.",IMD,,565,32
UEI-IMD-FL-2020-0048,2020-05-16,2020-05-18,2.0,Heavy Rains,,Thiruvananthapuram,Kerala,,,,,,,,,,i) Kovalam & Vanchiyoor area affected ii) 10 hectares of paddy fields ready for harvesting inundated causes huge loss to farmers. iii) Damage.to many houses & shop reported. iv) 6 electric posts broken down. Overhead power lines broken at many places. v) Damage to household electronic equipments reported. vi) Trees uprooted at many places.,IMD,,565,32
UEI-IMD-FL-2020-0049,2020-05-22,2020-05-22,1.0,"Heavy Rains & Floods (Killi,Karamana rivers)",,Thiruvananthapuram,Kerala,,,,,,,,,,"i) Malayinkeezhu, Vattiyurkavu, Vizhinjam, Kovalam, Thiruvallam area affected. ii) Damage to 7735 plantains,vegetable cultivation in 6 acres of land reported. iii) Many low lying areas inundated. iv) Around 500 houses in different places inundated. v) Complete or partial damage to 100 houses reported. vi) 15 families shifted to relief camps. vii) Damage to 30 vehicles including four-wheelers reported. viii) Smaller roads leading off the bypass into the Chala market & residential colonies remained waterlogged for hours. ix) Traffic disrupted.",IMD,,565,32
UEI-IMD-FL-2020-0050,2020-02-06,2020-05-06,3.0,Heavy Rains & Floods,,Thiruvananthapuram,Kerala,,,,,,2.0,,,2 persons injured.,"i) Nandiyode, Vizhinjam, Neyyattinkara, Muttathara, Pattom, Nedumangadu, Kovalam, Adimalathura, Nilambur area affected. ii) Damage to Temple reported. iii) Complete damage to 2 houses reported. iv) More than 200 houses from different places inundated causes damages to floor,electronic equipments. v) Damage to many shops reported. vi) Damage to two-wheeler reported. vii) Major roads including Chala Bypass road in the city inundated causes disruption in traffic. viii) Vehicular traffic disrupted. ix) Trees uprooted in many places.",IMD,,565,32
UEI-IMD-FL-2020-0051,2020-03-07,2020-03-07,1.0,Flash flood,,Kozhikode,Kerala,,,,,1.0,,,,One youth died at Pulloorampara.,,IMD,,561,32
UEI-IMD-FL-2020-0052,2020-05-08,2020-05-08,1.0,Heavy Rains & Floods,,Wayanad,Kerala,,,,,2.0,,,,2 children died in different incidences.,i) Damage to a house reported. ii) Tree uprooted. iii) Traffic disrupted at many places,IMD,,567,32
UEI-IMD-FL-2020-0053,2020-06-08,2020-06-08,1.0,Landslide,,Idukki,Kerala,,,,,65.0,,5,,"65 persons died & 5 persons missing from Petimudi, Munnar","i) Huge rocks,mud fell over one of the housing quarters of tea workers at Petimudi, Munnar. ii) Damage to 30 houses reported. iii) Complete damage to 4 estate lanes in the Nayamakkad division reported. iv) Uprooted trees,boulders on road causes traffic disruption. v) Bridge at periyavarai washed away. vi) Damage to a car reported.",IMD,,556,32
UEI-IMD-FL-2020-0054,2020-06-08,2020-06-08,1.0,Heavy Rains & Landslide,,Wayanad,Kerala,,,,,,,,,,"i) Kalpetta, Mundakkai, Makkiyadu, Mananthavady area affected. ii) Damage to 10 hectares paddy fields, 17500 plantain trees & 125 rubber trees reported. iii) Damage to 15 houses reported. iv) 5 bridges washed away. v) 621 families shifted to 49 relief camps. vi) Damage to 1183 transformers reported which causes disruption in power supply in the region for 3 days. vii) Estimated 1.39 crore monetary loss reported. viii) NH 766 was inundated & traffic disrupted in ghat areas",IMD,,567,32
UEI-IMD-FL-2020-0055,2020-07-08,2020-07-08,1.0,Heavy Rains & Floods,,Alappuzha,Kerala,,,,,2.0,,,,2 persons died & other missing.,,IMD,,554,32
UEI-IMD-FL-2020-0056,2020-08-08,2020-08-08,1.0,Heavy Rains & Floods,,"Thiruvananthapuram, Wayanad",Kerala,,,,,,,,,,Thiruvananthapuram : i) Damage to 5867 hectares of agricultural land reported. ii) Damage to 37 houses completely & 198 houses partially reported. iii) 153 families were shifted to 7 relief camps. Wayanad : i) A bridge washed away. ii) Karingari- Kakkadavu road inundated. iii) 79 relief camps were opened. iv) About 15000 people shifted to safer places.,IMD,,"565, 567",32
UEI-IMD-FL-2020-0057,2020-09-08,2020-09-08,1.0,Heavy Rains & Floods,,"Alappuzha, Ernakulam, Kollam, Kottayam",Kerala,,,,,2.0,,,,Kottayam :2 persons died in different incidences.,Alappuzha : i) 1300 hectares of paddy fields submerged. ii) All villages in the Kuttanad Taluk inundated. Ernakulam : i) Damage to 6 houses completely & 224 houses partially reported. ii) 46 relief camps opened. Kollam : 252 people from 65 families shifted to 4 relief camps.,IMD,,"554, 555, 559, 560",32
UEI-IMD-FL-2020-0058,2020-10-08,2020-10-08,1.0,Heavy Rains & Floods,,"Pathanamthitta, Wayanad",Kerala,,,,,,,1,,One person missing from Pathanamthitta district.,"i) Damage to 180 hectares of Pepper, 236.24 hectares plantain trees & 195.7 hectares of other crops reported. ii) Damage to 22 houses completely,605 houses partially reported. iii) Estimated 14.184 crore of monetary loss reported.",IMD,,"564, 567",32
UEI-IMD-FL-2020-0059,2020-11-08,2020-11-08,1.0,Heavy Rains & Floods,,Kozhikode,Kerala,,,,,,,,,,"i) Quilandy & Tamarassery area affected. ii) Damage to 4896 rubber trees, 111035 plantain trees & other spices reported. iii) Damage to 4 houses completely & 109 houses partially reported. iv) Estimated 9.34 crore agricultural losses reported.",IMD,,561,32
UEI-IMD-FL-2020-0060,2020-12-08,2020-12-08,1.0,Heavy Rains & Floods,,"Alappuzha, Kottayam, Pathanamthitta",Kerala,,,,,,,,,,"Alappuzha : (Kuttanad) : i) 7423 people from 2541 families shifted to 110 relief camps. ii) 4322.94 hectares of paddy fields submerged. Kottayam : i) Damage to paddy cultivation of about 2849 hectares reported. ii) Damage to 3000 acres of paddy, rubber, tapioca, plantain & vegetables reported. Pathanamthitta : i) Damage to about 450.74 hectares of cropland reported. ii) Damage to crops worth �������16.827 crore damagedreported.",IMD,,"554, 560, 564",32
UEI-IMD-FL-2020-0061,2020-06-09,2020-06-09,1.0,Heavy Rains,,Alappuzha,Kerala,,,,,,,,,,i) Damage to 2 houses completely & 35 houses partially reported. ii) Damage to several fishing boats reported.,IMD,,554,32
UEI-IMD-FL-2020-0062,2020-06-09,2020-08-09,2.0,Heavy Rains & Flood,,Thiruvananthapuram,Kerala,,,,,,,,,,i) 5 families shifted. ii) Damage to a compound wall reported. iii) Damage to roads & drains reported. iv) Low lying areas including many houses flooded in various places. v) Damage to office documents at Kamaleshwaram school reported. vi) Many trees uprooted. vii) Vehicular traffic disrupted at Attakulangara- Manacaud road due to waterlogging.,IMD,,565,32
UEI-IMD-FL-2020-0063,2020-11-09,2020-11-09,1.0,Heavy Rains & Flood,,"Malappuram, Thiruvananthapuram",Kerala,,,,,,,,,,i) All bridges across the chaliyar river washed away. ii) Damage to a Vayalikkada-Choozhampala road reported which causes disruption to traffic. iii) Houses got flooded.,IMD,,"562, 565",32
UEI-IMD-FL-2020-0064,2020-09-20,2020-09-20,1.0,Heavy Rains & Flood,,"Ernakulam, Kannur, Thrissur, Wayanad",Kerala,,,,,,,,,,i) Damage to crops reported. ii) Damage to several houses reported. iii) Damage to vehicles reported. iv) A complete damage to roof of a fertilizer depot reported. v) Estimated crop loss of ������� 6.91 crore reported from Kannur Dist. vi) 59 people shifted to 5 relief camps. vii) Damage to a well reported. viii) Many trees including Nutmeg & rubber trees uprooted in many places causes disruption to traffic. ix) Damage to many electric posts reported causing disruption in power supply.,IMD,,"555, 557, 566, 567",32
UEI-IMD-FL-2020-0065,2020-09-21,2020-09-21,1.0,Heavy Rains & Flood,,"Kannur, Kasaragod, Palakkad",Kerala,,,,,2.0,,,,2 persons died from Kasaragod.,"i) Extensive damage to Paddy crops & also damage to about 6000 Banana plants reported. ii) Damage to 354.936 hectares of crops reported from Kasaragod Dist. iii) Estimated loss of �������3 lakhs reported from Kasaragod Dist. iv) Around 3,109 hectares of crops loss amounting to ������� 54 crores since monsoon onset reported from Palakkad Dist. v) Damage to 64 houses reported. vi) Over 20,000 farmers affected by the crop loss. vii) 23 families shifted to 5 relief camps in Kannur.",IMD,,"557, 558, 563",32
UEI-IMD-FL-2020-0066,2020-09-22,2020-09-22,1.0,Heavy Rains & Flood,,"Kollam, Thiruvananthapuram",Kerala,,,,,1.0,3.0,2,,"One person died, 3 injured & 2 others missing from Kollam Dist.",i) Damage to a house reported. ii) Damage to a fishing boat reported,IMD,,"559, 565",32
UEI-IMD-FL-2020-0067,2020-09-23,2020-09-23,1.0,Heavy Rains & Flood,,Thiruvananthapuram,Kerala,,,,,,2.0,,,2 persons injured due to wall collapsed in Vilavoorkal area.,i) Damage to houses reported. ii) Damage to a car reported.,IMD,,565,32
UEI-IMD-FL-2020-0068,2020-09-10,2020-09-10,1.0,Heavy Rains & Flood,,Thiruvananthapuram,Kerala,,,,,,,,,,i) Damage to plantain reported. ii) Damage to basement of a house reported. iii) Traffic disrupted.,IMD,,565,32
UEI-IMD-FL-2020-0069,2020-10-29,2020-10-29,1.0,Heavy Rains,,Thiruvananthapuram,Kerala,,,,,1.0,,,,A fisherman electrocuted.,,IMD,,565,32
UEI-IMD-FL-2021-0062,2021-01-03,2021-01-03,1.0,Heavy   Rains,,Kasaragod,Kerala,,,,,,,,,,,IMD,,558,32
UEI-IMD-FL-2021-0063,2021-01-10,2021-01-10,1.0,Heavy   Rains,,Wayanad,Kerala,,,,,,,,,,,IMD,,567,32
UEI-IMD-FL-2021-0064,2021-04-02,2021-04-02,1.0,Heavy   Rains & Mudslide,,Thiruvananthapuram,Kerala,,,,,,,,,,,IMD,,565,32
UEI-IMD-FL-2021-0065,2021-04-10,2021-04-10,1.0,Heavy   Rains,,Kozhikode,Kerala,,,,,,,,,,,IMD,,561,32
UEI-IMD-FL-2021-0066,2021-04-11,2021-04-12,2.0,Heavy   Rains,,Thiruvananthapuram,Kerala,,,,,,,,,,,IMD,,565,32
UEI-IMD-FL-2021-0067,2021-04-13,2021-04-13,1.0,Heavy   Rains,,Ernakulam,Kerala,,,,,,6.0,,,,,IMD,,555,32
UEI-IMD-FL-2021-0068,2021-04-18,2021-04-18,1.0,Heavy   Rains,,Wayanad,Kerala,,,,,,,,,,,IMD,,567,32
UEI-IMD-FL-2021-0069,2021-04-19,2021-04-19,1.0,Heavy   Rains,,Kozhikode,Kerala,,,,,,,,,,,IMD,,561,32
UEI-IMD-FL-2021-0070,2021-04-20,2021-04-21,2.0,Heavy   Rains,,Wayanad,Kerala,,,,,,,,,,,IMD,,567,32
UEI-IMD-FL-2021-0071,2021-04-22,2021-04-22,1.0,Heavy   Rains,,Palakkad,Kerala,,,,,,,,,,,IMD,,563,32
UEI-IMD-FL-2021-0072,2021-05-12,2021-05-12,1.0,Heavy rains & Flood,,Thiruvananthapuram,Kerala,,,,,,,,,,,IMD,,565,32
UEI-IMD-FL-2021-0073,2021-05-18,2021-05-18,1.0,Heavy rains & Flood,,Thiruvananthapuram,Kerala,,,,,,,,,,,IMD,,565,32
UEI-IMD-FL-2021-0074,2021-05-20,2021-05-20,1.0,Heavy rains & Flood,,Idukki,Kerala,,,,,,,,,,,IMD,,556,32
UEI-IMD-FL-2021-0075,2021-05-23,2021-05-25,3.0,"Heavy rains, Flood & Mudslide",,Thiruvananthapuram,Kerala,,,,,3.0,,,,,,IMD,,565,32
UEI-IMD-FL-2021-0076,2021-06-05,2021-06-05,1.0,Landslides,,Thiruvananthapuram,Kerala,,,,,,,,,,,IMD,,565,32
UEI-IMD-FL-2021-0077,2021-06-16,2021-06-17,2.0,Heavy rains,,Wayanad,Kerala,,,,,,,,,,,IMD,,567,32
UEI-IMD-FL-2021-0078,2021-06-21,2021-06-25,3.0,Heavy rains,,Wayanad,Kerala,,,,,,,,,,,IMD,,567,32
UEI-IMD-FL-2021-0079,2021-07-14,2021-07-15,2.0,Heavy rains,,Wayanad,Kerala,,,,,1.0,1.0,,,,,IMD,,567,32
UEI-IMD-FL-2021-0080,2021-07-17,2021-07-18,2.0,Heavy rains & Landslide,,Wayanad,Kerala,,,,,,,,,,,IMD,,567,32
UEI-IMD-FL-2021-0081,2021-07-21,2021-07-21,1.0,Heavy rains,,Wayanad,Kerala,,,,,,,,,,,IMD,,567,32
UEI-IMD-FL-2021-0082,2021-08-03,2021-08-03,1.0,Heavy rains,,Idukki,Kerala,,,,,,,,,,,IMD,,556,32
UEI-IMD-FL-2021-0083,2021-09-27,2021-09-28,2.0,Heavy rains,,"Idukki, Thiruvananthapuram",Kerala,,,,,,,,,,,IMD,,"556, 565",32
UEI-IMD-FL-2021-0084,2021-10-02,2021-10-02,1.0,Heavy rains,,Thrissur,Kerala,,,,,,,,300,,,IMD,,566,32
UEI-IMD-FL-2021-0085,2021-10-05,2021-10-05,1.0,Heavy rains & Landslips,,Thiruvananthapuram,Kerala,,,,,,,,,,,IMD,,565,32
UEI-IMD-FL-2021-0086,2021-10-09,2021-10-09,1.0,Heavy rains,,"Alappuzha, Thiruvananthapuram",Kerala,,,,,,,,,,,IMD,,"554, 565",32
UEI-IMD-FL-2021-0087,2021-10-11,2021-10-11,1.0,Heavy Rains & Mudslide,,Kollam,Kerala,,,,,1.0,,,,,,IMD,,559,32
UEI-IMD-FL-2021-0088,2021-10-11,2021-10-11,1.0,Heavy Rains & Mudslide,,Malappuram,Kerala,,,,,2.0,,,,,,IMD,,562,32
UEI-IMD-FL-2021-0089,2021-10-12,2021-10-12,1.0,"Heavy Rains, Floods & Landslides",,"Ernakulam, Kannur, Kottayam, Kozhikode, Palakkad, Pathanamthitta, Thiruvananthapuram, Thrissur",Kerala,,,,,,,,,,,IMD,,"555, 557, 560, 561, 563, 564, 565, 566",32
UEI-IMD-FL-2021-0090,2021-10-12,2021-10-12,1.0,"Heavy Rains, Floods & Landslides",,Ernakulam,Kerala,,,,,,,,,,,IMD,,555,32
UEI-IMD-FL-2021-0091,2021-10-12,2021-10-12,1.0,"Heavy Rains, Floods & Landslides",,Kannur,Kerala,,,,,,,,,,,IMD,,557,32
UEI-IMD-FL-2021-0092,2021-10-12,2021-10-12,1.0,"Heavy Rains, Floods & Landslides",,Kottayam,Kerala,,,,,,1.0,,,,,IMD,,560,32
UEI-IMD-FL-2021-0093,2021-10-12,2021-10-12,1.0,"Heavy Rains, Floods & Landslides",,Kozhikode,Kerala,,,,,1.0,,,,,,IMD,,561,32
UEI-IMD-FL-2021-0094,2021-10-12,2021-10-12,1.0,"Heavy Rains, Floods & Landslides",,Palakkad,Kerala,,,,,,,,,,,IMD,,563,32
UEI-IMD-FL-2021-0095,2021-10-12,2021-10-12,1.0,"Heavy Rains, Floods & Landslides",,Pathanamthitta,Kerala,,,,,1.0,,,,,,IMD,,564,32
UEI-IMD-FL-2021-0096,2021-10-12,2021-10-12,1.0,"Heavy Rains, Floods & Landslides",,Thiruvananthapuram,Kerala,,,,,,,,1502,,,IMD,,565,32
UEI-IMD-FL-2021-0097,2021-10-12,2021-10-12,1.0,"Heavy Rains, Floods & Landslides",,Thrissur,Kerala,,,,,,,,,,,IMD,,566,32
UEI-IMD-FL-2021-0098,2021-10-16,2021-10-16,1.0,"Heavy Rains, Floods & Landslips",,"Alappuzha, Ernakulam, Idukki, Kollam, Kottayam, Palakkad, Thiruvananthapuram",Kerala,,,,,,,,,,,IMD,,"554, 555, 556, 559, 560, 563, 565",32
UEI-IMD-FL-2021-0099,2021-10-16,2021-10-16,1.0,"Heavy Rains, Floods & Landslips",,Alappuzha,Kerala,,,,,,,,,,,IMD,,554,32
UEI-IMD-FL-2021-0100,2021-10-16,2021-10-16,1.0,"Heavy Rains, Floods & Landslips",,Ernakulam,Kerala,,,,,,,,,,,IMD,,555,32
UEI-IMD-FL-2021-0101,2021-10-16,2021-10-16,1.0,"Heavy Rains, Floods & Landslips",,Idukki,Kerala,,,,,11.0,,,,,,IMD,,556,32
UEI-IMD-FL-2021-0102,2021-10-16,2021-10-16,1.0,"Heavy Rains, Floods & Landslips",,Kollam,Kerala,,,,,1.0,,,,,,IMD,,559,32
UEI-IMD-FL-2021-0103,2021-10-16,2021-10-16,1.0,"Heavy Rains, Floods & Landslips",,Kottayam,Kerala,,,,,14.0,,15,,,,IMD,,560,32
UEI-IMD-FL-2021-0104,2021-10-16,2021-10-16,1.0,"Heavy Rains, Floods & Landslips",,Palakkad,Kerala,,,,,1.0,,,,,,IMD,,563,32
UEI-IMD-FL-2021-0105,2021-10-16,2021-10-16,1.0,"Heavy Rains, Floods & Landslips",,Thiruvananthapuram,Kerala,,,,,2.0,,1,,,,IMD,,565,32
UEI-IMD-FL-2021-0106,2021-10-17,2021-10-17,1.0,Heavy Rains & Floods,,Thrissur,Kerala,,,,,2.0,,,,,,IMD,,566,32
UEI-IMD-FL-2021-0107,2021-10-18,2021-10-18,1.0,Heavy Rains & Floods (Kallar river),,Thiruvananthapuram,Kerala,,,,,,,,1,,,IMD,,565,32
UEI-IMD-FL-2021-0108,2021-10-11,2021-10-19,9.0,"Heavy rains, Floods & Landslides",,"Alappuzha, Idukki, Ernakulam, Kannur, Kottayam, Kollam, Kozhikode, Malappuram, Palakkad,  Pathanamthitta, Thrissur, Thiruvananthapuram",Kerala,,,,,,,,,,,IMD,,"554, 556, 555, 557, 560, 559, 561, 562, 563, 564, 566, 565",32
UEI-IMD-FL-2021-0109,2021-10-11,2021-10-19,9.0,"Heavy rains, Floods & Landslides",,Alappuzha,Kerala,,,,,2.0,,,,,,IMD,,554,32
UEI-IMD-FL-2021-0110,2021-10-11,2021-10-19,9.0,"Heavy rains, Floods & Landslides",,Kannur,Kerala,,,,,2.0,,,,,,IMD,,557,32
UEI-IMD-FL-2021-0111,2021-10-11,2021-10-19,9.0,"Heavy rains, Floods & Landslides",,Thrissur,Kerala,,,,,1.0,,,,,,IMD,,566,32
UEI-IMD-FL-2021-0112,2021-10-20,2021-10-20,1.0,Heavy Rains & Floods,,Malappuram,Kerala,,,,,,,,,,,IMD,,562,32
UEI-IMD-FL-2021-0113,2021-10-20,2021-10-20,1.0,Heavy Rains & Floods,,Palakkad,Kerala,,,,,,,,,,,IMD,,563,32
UEI-IMD-FL-2021-0114,2021-10-20,2021-10-20,1.0,Heavy Rains & Floods,,Thiruvananthapuram,Kerala,,,,,,,,,,,IMD,,565,32
UEI-IMD-FL-2021-0115,2021-10-23,2021-10-23,1.0,Heavy Rains & Landslips,,Kottayam,Kerala,,,,,,,,,,,IMD,,560,32
UEI-IMD-FL-2021-0116,2021-10-23,2021-10-23,1.0,Heavy Rains & Landslips,,Pathanamthitta,Kerala,,,,,,,,,,,IMD,,564,32
UEI-IMD-FL-2021-0117,2021-11-02,2021-11-02,1.0,Landslip,,Kozhikode,Kerala,,,,,,,,,,,IMD,,561,32
UEI-IMD-FL-2021-0118,2021-11-05,2021-11-05,1.0,Heavy Rains & Floods,,"Alappuzha, Kottayam",Kerala,,,,,,,,,,,IMD,,"554, 560",32
UEI-IMD-FL-2021-0119,2021-11-13,2021-11-13,1.0,Heavy Rains & Landslip,,"Alappuzha, Thiruvananthapuram",Kerala,,,,,,,,,,,IMD,,"554, 565",32
UEI-IMD-FL-2021-0120,2021-11-14,2021-11-14,1.0,Heavy Rains & Floods,,Kannur,Kerala,,,,,1.0,,,,,,IMD,,557,32
UEI-IMD-FL-2021-0121,2021-11-14,2021-11-14,1.0,Heavy Rains & Floods,,Thiruvananthapuram,Kerala,,,,,2.0,2.0,,,,,IMD,,565,32
UEI-IMD-FL-2021-0122,2021-11-14,2021-11-14,1.0,Heavy Rains & Floods,,Thrissur,Kerala,,,,,1.0,,,,,,IMD,,566,32
UEI-IMD-FL-2021-0123,2021-11-10,2021-11-15,6.0,Heavy Rains,,"Ernakulam, Kannur, Kollam, Kottayam, Thiruvananthapuram, Thrissur",Kerala,,,,,,,,,,,IMD,,"555, 557, 559, 560, 565, 566",32
UEI-IMD-FL-2021-0124,2021-11-10,2021-11-15,6.0,Heavy Rains,,Ernakulam,Kerala,,,,,1.0,,,,,,IMD,,555,32
UEI-IMD-FL-2021-0125,2021-11-15,2021-11-16,2.0,Heavy Rains & Floods,,"Alappuzha, Thiruvananthapuram, Thrissur",Kerala,,,,,,,,,,,IMD,,"554, 565, 566",32
UEI-IMD-FL-2021-0126,2021-11-15,2021-11-16,2.0,Heavy Rains & Floods,,Thiruvananthapuram,Kerala,,,,,1.0,,,,,,IMD,,565,32
UEI-IMD-FL-2021-0127,2021-11-17,2021-11-17,1.0,Heavy Rains & Floods,,Thiruvananthapuram,Kerala,,,,,1.0,,,,,,IMD,,565,32
UEI-IMD-FL-2021-0128,2021-11-17,2021-11-17,1.0,Heavy Rains & Floods,,Thrissur,Kerala,,,,,1.0,,,,,,IMD,,566,32
UEI-IMD-FL-2021-0129,2021-11-30,2021-11-30,1.0,Heavy rains,,Thiruvananthapuram,Kerala,,,,,,,,,,,IMD,,565,32
UEI-IMD-FL-2022-0535,2022-03-23,2022-03-23,1.0,Heavy rains,,Palakkad,Kerala,,,,,,,,,,,IMD,,563,32
UEI-IMD-FL-2022-0536,2022-03-24,2022-03-24,1.0,Heavy rains,,Kannur,Kerala,,,,,,,,,,,IMD,,557,32
UEI-IMD-FL-2022-0537,2022-03-24,2022-03-24,1.0,Heavy rains,,Kasaragod,Kerala,,,,,,,,,,,IMD,,558,32
UEI-IMD-FL-2022-0538,2022-03-27,2022-03-27,1.0,Heavy rains,,Kottayam,Kerala,,,,,,,,,,,IMD,,560,32
UEI-IMD-FL-2022-0539,2022-05-17,2022-05-17,1.0,Heavy Rains,,Thrissur,Kerala,,,,,1.0,,,,,,IMD,,566,32
UEI-IMD-FL-2022-0540,2022-05-18,2022-05-18,1.0,Heavy Rains,,Ernakulam,Kerala,,,,,1.0,,,,,,IMD,,555,32
UEI-IMD-FL-2022-0541,2022-05-18,2022-05-18,1.0,Heavy Rains,,Kozhikode,Kerala,,,,,1.0,,,,,,IMD,,561,32
UEI-IMD-FL-2022-0542,2022-05-20,2022-05-20,1.0,Heavy rains,,Idukki,Kerala,,,,,1.0,,,,,,IMD,,556,32
UEI-IMD-FL-2022-0543,2022-05-20,2022-05-20,1.0,Heavy rains,,Thrissur,Kerala,,,,,,,,,,,IMD,,566,32
UEI-IMD-FL-2022-0544,2022-06-16,2022-06-16,1.0,Mud slip,,Wayanad,Kerala,,,,,1.0,,,,,,IMD,,567,32
UEI-IMD-FL-2022-0545,2022-07-01,2022-07-01,1.0,Heavy rains,,Kannur,Kerala,,,,,1.0,,,,,,IMD,,557,32
UEI-IMD-FL-2022-0546,2022-07-02,2022-07-02,1.0,Heavy rains,,Kannur,Kerala,,,,,1.0,,,,,,IMD,,557,32
UEI-IMD-FL-2022-0547,2022-07-04,2022-07-04,1.0,Landslide,,Idukki,Kerala,,,,,1.0,,,,,,IMD,,556,32
UEI-IMD-FL-2022-0548,2022-07-05,2022-07-05,1.0,Heavy rains,,Idukki,Kerala,,,,,1.0,,,,,,IMD,,556,32
UEI-IMD-FL-2022-0549,2022-07-07,2022-07-07,1.0,Heavy rains,,Kannur,Kerala,,,,,1.0,,,,,,IMD,,557,32
UEI-IMD-FL-2022-0550,2022-07-10,2022-07-10,1.0,Heavy rains,,Ernakulam,Kerala,,,,,1.0,,,,,,IMD,,555,32
UEI-IMD-FL-2022-0551,2022-07-15,2022-07-15,1.0,Landslide,,Idukki,Kerala,,,,,1.0,,,,,,IMD,,556,32
UEI-IMD-FL-2022-0552,2022-07-16,2022-07-16,1.0,Heavy Rains & Floods,,"Kasaragod, Wayanad, Kozhikode, Malappuram, Palakkad, Thrissur, Idukki, Ernakulam, Alappuzha, Kottayam, Pathanamthitta, Kollam, Thiruvananthapuram, Kannur",Kerala,,,,,4.0,,,,,,IMD,,"558, 567, 561, 562, 563, 566, 556, 555, 554, 560, 564, 559, 565, 557",32
UEI-IMD-FL-2022-0553,2022-07-16,2022-07-16,1.0,Heavy Rains & Floods,,Palakkad,Kerala,,,,,,,,,,,IMD,,563,32
UEI-IMD-FL-2022-0554,2022-07-16,2022-07-16,1.0,Heavy Rains & Floods,,Thrissur,Kerala,,,,,,,,,,,IMD,,566,32
UEI-IMD-FL-2022-0555,2022-07-19,2022-07-19,1.0,Heavy Rains & Floods,,Malappuram,Kerala,,,,,1.0,,,,,,IMD,,562,32
UEI-IMD-FL-2022-0556,2022-07-20,2022-07-20,1.0,Heavy Rains & Floods,,Malappuram,Kerala,,,,,1.0,,,,,,IMD,,562,32
UEI-IMD-FL-2022-0557,2022-07-28,2022-07-28,1.0,Heavy Rains,,Ernakulam,Kerala,,,,,1.0,,,,,,IMD,,555,32
UEI-IMD-FL-2022-0558,2022-08-01,2022-08-01,1.0,Heavy Rains & Floods,,Kollam,Kerala,,,,,1.0,,,,,,IMD,,559,32
UEI-IMD-FL-2022-0559,2022-08-01,2022-08-01,1.0,Heavy Rains & Floods,,Kottayam,Kerala,,,,,1.0,,,,,,IMD,,560,32
UEI-IMD-FL-2022-0560,2022-08-01,2022-08-01,1.0,Heavy Rains & Floods,,Malappuram,Kerala,,,,,1.0,,,,,,IMD,,562,32
UEI-IMD-FL-2022-0561,2022-08-01,2022-08-01,1.0,Heavy Rains & Floods,,Pathanamthitta,Kerala,,,,,4.0,,1,,,,IMD,,564,32
UEI-IMD-FL-2022-0562,2022-08-01,2022-08-01,1.0,Heavy Rains & Floods,,Thiruvananthapuram,Kerala,,,,,1.0,,,,,,IMD,,565,32
UEI-IMD-FL-2022-0563,2022-08-01,2022-08-01,1.0,Landslide,,Kottayam,Kerala,,,,,,,1,,,,IMD,,560,32
UEI-IMD-FL-2022-0564,2022-08-01,2022-08-01,1.0,Landslide,,Kannur,Kerala,,,,,3.0,,,,,,IMD,,557,32
UEI-IMD-FL-2022-0565,2022-08-02,2022-08-02,1.0,Heavy Rains & Floods,,Alappuzha,Kerala,,,,,,,,,,,IMD,,554,32
UEI-IMD-FL-2022-0566,2022-08-02,2022-08-02,1.0,Heavy Rains & Floods,,Ernakulam,Kerala,,,,,1.0,,,,,,IMD,,555,32
UEI-IMD-FL-2022-0567,2022-08-02,2022-08-02,1.0,Heavy Rains & Floods,,,Kerala,,,,,,,,,,,IMD,,,32
UEI-IMD-FL-2022-0568,2022-08-02,2022-08-02,1.0,Heavy Rains & Floods,,Kannur,Kerala,,,,,3.0,,,,,,IMD,,557,32
UEI-IMD-FL-2022-0569,2022-08-02,2022-08-02,1.0,Heavy Rains & Floods,,Kollam,Kerala,,,,,,,1,,,,IMD,,559,32
UEI-IMD-FL-2022-0570,2022-08-02,2022-08-02,1.0,Heavy Rains & Floods,,Kottayam,Kerala,,,,,1.0,,,,,,IMD,,560,32
UEI-IMD-FL-2022-0571,2022-08-02,2022-08-02,1.0,Heavy Rains & Floods,,Malappuram,Kerala,,,,,,,,,,,IMD,,562,32
UEI-IMD-FL-2022-0572,2022-08-02,2022-08-02,1.0,Heavy Rains & Floods,,Pathanamthitta,Kerala,,,,,,,,,,,IMD,,564,32
UEI-IMD-FL-2022-0573,2022-08-02,2022-08-02,1.0,Heavy Rains & Floods,,Thiruvananthapuram,Kerala,,,,,1.0,,,,,,IMD,,565,32
UEI-IMD-FL-2022-0574,2022-08-02,2022-08-02,1.0,Heavy Rains & Floods,,Thrissur,Kerala,,,,,,,2,,,,IMD,,566,32
UEI-IMD-FL-2022-0575,2022-08-02,2022-08-02,1.0,Heavy Rains & Floods,,Wayanad,Kerala,,,,,,,,,,,IMD,,567,32
UEI-IMD-FL-2022-0576,2022-08-29,2022-08-29,1.0,Landslide,,Idukki,Kerala,,,,,5.0,,,,,,IMD,,556,32
UEI-IMD-FL-2022-0577,2022-09-04,2022-09-04,1.0,Heavy Rains,,Thiruvananthapuram,Kerala,,,,,2.0,,,,,,IMD,,565,32
UEI-IMD-FL-2023-0348,2023-07-03,2023-07-07,5.0,Heavy Rains & Floods,,Alappuzha,Kerala,,,,,,,,,,,IMD,,554,32
UEI-IMD-FL-2023-0349,2023-07-03,2023-07-07,5.0,Heavy Rains & Floods,,Kannur,Kerala,,,,,,,,,,,IMD,,557,32
UEI-IMD-FL-2023-0350,2023-07-03,2023-07-07,5.0,Heavy Rains & Floods,,Kottayam,Kerala,,,,,,,,,,,IMD,,560,32
UEI-IMD-FL-2023-0351,2023-07-03,2023-07-07,5.0,Heavy Rains & Floods,,Kozhikode,Kerala,,,,,,,,,,,IMD,,561,32
UEI-IMD-FL-2023-0352,2023-07-03,2023-07-07,5.0,Heavy Rains & Floods,,Pathanamthitta,Kerala,,,,,,,,,,,IMD,,564,32
UEI-IMD-FL-2023-0353,2023-07-03,2023-07-07,5.0,Heavy Rains & Floods,,,Kerala,,,,,19.0,,,,,,IMD,,,32
UEI-IMD-FL-2023-0354,2023-07-10,2023-07-10,1.0,Heavy Rains & Floods (Nilambur River),,Malappuram,Kerala,,,,,2.0,,,,,,IMD,,562,32
UEI-IMD-FL-2023-0355,2023-07-23,2023-07-23,1.0,Heavy Rains & Floods,,Thrissur,Kerala,,,,,1.0,,,,,,IMD,,566,32
UEI-IMD-FL-2023-0356,2023-07-23,2023-07-23,1.0,Heavy Rains & Floods,,Wayanad,Kerala,,,,,2.0,,,,,,IMD,,567,32
